scope,strategy,market,freeze,variant,delta_full,loo_min,loo_max,n_left_out,sign_flips,delta_without_market
market,jma_trend,equity_indices,F2008,rule_adx,-0.27689817512593395,-0.3415677200846221,-0.1917756545459751,28.0,0.0,
market,jma_trend,equity_indices,F2018,rule_adx,-0.0060948166034274776,-0.12017270978939626,0.07920143416122472,28.0,13.0,
market,jma_trend,equity_indices,F2008,regime_linearity,0.02538827910900983,-0.07603635788741184,0.06746455319940789,28.0,4.0,
market,jma_trend,equity_indices,F2008,meta_label,0.2655142381411328,0.13171507270037153,0.3233320512317655,28.0,0.0,
market,jma_trend,equity_indices,F2008,position_sizing,0.10903167859594312,0.09082620054429336,0.1407836754080565,28.0,0.0,
market,jma_trend,equity_indices,F2008,entry,0.20320115999801003,0.16058547828909964,0.24592014037782903,28.0,0.0,
market,jma_trend,equity_indices,F2008,exit,0.04458695589027076,-0.0315457074388206,0.13759312711838506,28.0,5.0,
market,jma_trend,equity_indices,F2008,best_combined,0.2880758903389704,0.15268500081101907,0.3498849956806781,28.0,0.0,
market,jma_trend,equity_indices,F2018,regime_linearity,-0.5348351964435624,-0.6567974993800998,-0.4413535987812447,28.0,0.0,
market,jma_trend,equity_indices,F2018,meta_label,0.12564201554658294,0.0585812662321612,0.2111796032962126,28.0,0.0,
market,jma_trend,equity_indices,F2018,position_sizing,0.12232250701992864,0.10632032452644924,0.13999698918936915,28.0,0.0,
market,jma_trend,equity_indices,F2018,entry,-0.6959736732976103,-0.8383825559254386,-0.6181578984281106,28.0,0.0,
market,jma_trend,equity_indices,F2018,exit,-0.39109134534249296,-0.4941896175744063,-0.29052543663250574,28.0,0.0,
market,jma_trend,equity_indices,F2018,best_combined,0.12408854276034453,0.06581895798834625,0.20515629153328524,28.0,0.0,
market,jma_trend,equity_etfs,F2008,rule_adx,-0.6263774736528293,-0.7227184122614738,-0.5692405659792028,19.0,0.0,
market,jma_trend,equity_etfs,F2018,rule_adx,-0.17507627901878076,-0.24053862939216497,-0.13159230735814026,19.0,0.0,
market,jma_trend,equity_etfs,F2008,regime_linearity,-0.3714458441426756,-0.4495712561264317,-0.3227862243212692,19.0,0.0,
market,jma_trend,equity_etfs,F2008,meta_label,0.04429300037626459,-0.021482857376491846,0.1269633167447246,19.0,2.0,
market,jma_trend,equity_etfs,F2008,position_sizing,0.1593811259033568,0.1413107829252681,0.17861952675446582,19.0,0.0,
market,jma_trend,equity_etfs,F2008,entry,-0.14698992865207924,-0.1876537680210428,-0.09981348379423766,19.0,0.0,
market,jma_trend,equity_etfs,F2008,exit,-0.33762838662165207,-0.4022180003688807,-0.28191001489742606,19.0,0.0,
market,jma_trend,equity_etfs,F2008,best_combined,0.04072490905465282,-0.031668357328103594,0.12739730100608104,19.0,2.0,
market,jma_trend,equity_etfs,F2018,regime_linearity,-0.5128197231680782,-0.597220687095511,-0.3902866494995761,19.0,0.0,
market,jma_trend,equity_etfs,F2018,meta_label,-0.12283339592866072,-0.22337941873571432,-0.05785856320603244,19.0,0.0,
market,jma_trend,equity_etfs,F2018,position_sizing,-0.06254871724237682,-0.08556031543729131,-0.03403335985346434,19.0,0.0,
market,jma_trend,equity_etfs,F2018,entry,-1.2088678974689266,-1.3250114043122,-1.0912319571097693,19.0,0.0,
market,jma_trend,equity_etfs,F2018,exit,-0.5883252572546515,-0.747474689142634,-0.46651906218929584,19.0,0.0,
market,jma_trend,equity_etfs,F2018,best_combined,-0.10079202957441685,-0.19097124274894955,-0.03575226076407634,19.0,0.0,
market,jma_trend,fixed_income,F2008,rule_adx,-0.49874347095599,-0.7110591318219567,-0.3078967721379492,11.0,0.0,
market,jma_trend,fixed_income,F2018,rule_adx,-0.7766422107600461,-0.8604358536575243,-0.6303800074348243,11.0,0.0,
market,jma_trend,fixed_income,F2008,regime_linearity,-0.28251365676052975,-0.545344905036142,-0.20527812226233771,11.0,0.0,
market,jma_trend,fixed_income,F2008,meta_label,-0.1284589388323667,-0.19066706699515606,-0.04900718515846242,11.0,0.0,
market,jma_trend,fixed_income,F2008,position_sizing,-0.03807549931003945,-0.10771215314302679,-0.0008823434667863395,11.0,0.0,
market,jma_trend,fixed_income,F2008,entry,-0.2736714691246107,-0.47720409330794733,-0.10536114538804289,11.0,0.0,
market,jma_trend,fixed_income,F2008,exit,-0.7483434428806413,-1.04729008766409,-0.5922614027790842,11.0,0.0,
market,jma_trend,fixed_income,F2008,best_combined,-0.11991240218005866,-0.1854446849223327,-0.01738097298385538,11.0,0.0,
market,jma_trend,fixed_income,F2018,regime_linearity,-0.4508762283920212,-0.6028131638656821,-0.19185679159407126,11.0,0.0,
market,jma_trend,fixed_income,F2018,meta_label,-0.29425115661039225,-0.46572310475735185,-0.12015634594343702,11.0,0.0,
market,jma_trend,fixed_income,F2018,position_sizing,0.03408233587175219,-0.009230887739618887,0.07848165125707215,11.0,1.0,
market,jma_trend,fixed_income,F2018,entry,-0.6198567223511088,-0.708519354463226,-0.4230622772289663,11.0,0.0,
market,jma_trend,fixed_income,F2018,exit,-1.0848427594456806,-1.262176837582639,-0.9450262914520325,11.0,0.0,
market,jma_trend,fixed_income,F2018,best_combined,-0.290167123043907,-0.4594132734400852,-0.09497056496042583,11.0,0.0,
market,jma_trend,commodities,F2008,rule_adx,0.4806812677912152,0.3574239228907774,0.6065932464206514,19.0,0.0,
market,jma_trend,commodities,F2018,rule_adx,0.20655283010601452,0.05512306435349537,0.34490809062726846,19.0,0.0,
market,jma_trend,commodities,F2008,regime_linearity,0.42446533078534965,0.31086905675976245,0.5775725534156272,19.0,0.0,
market,jma_trend,commodities,F2008,meta_label,0.46869665323347187,0.33140884133835574,0.591686901995272,19.0,0.0,
market,jma_trend,commodities,F2008,position_sizing,0.14627421518947228,0.0986498696107948,0.18939604285745942,19.0,0.0,
market,jma_trend,commodities,F2008,entry,0.4211816348349062,0.1911429235215316,0.5437777243030255,19.0,0.0,
market,jma_trend,commodities,F2008,exit,0.4830579250859768,0.32114630617241713,0.7178034374461386,19.0,0.0,
market,jma_trend,commodities,F2008,best_combined,0.46409115129119405,0.3321030533122682,0.5828421859805064,19.0,0.0,
market,jma_trend,commodities,F2018,regime_linearity,-0.0767557039757257,-0.22209309822614254,0.08006522792027754,19.0,4.0,
market,jma_trend,commodities,F2018,meta_label,0.14988686569997384,0.010528679309012523,0.3132731976071425,19.0,0.0,
market,jma_trend,commodities,F2018,position_sizing,-0.030048348772775763,-0.05794760097943197,0.010478062082907427,19.0,1.0,
market,jma_trend,commodities,F2018,entry,0.2111111574623654,0.10449550605251258,0.3430715468532929,19.0,0.0,
market,jma_trend,commodities,F2018,exit,0.41445753514473915,0.1587110976164145,0.5802004226702883,19.0,0.0,
market,jma_trend,commodities,F2018,best_combined,0.15151614563944618,0.024993029205920836,0.3034351186441708,19.0,0.0,
market,jma_trend,fx,F2008,rule_adx,-0.31311554342269476,-0.4995231266027148,-0.0995653466934523,18.0,0.0,
market,jma_trend,fx,F2018,rule_adx,-0.5507488660049363,-0.7005109286059557,-0.3670179109950665,18.0,0.0,
market,jma_trend,fx,F2008,regime_linearity,0.15317283929285852,0.0005221708664749358,0.3863615524456644,18.0,0.0,
market,jma_trend,fx,F2008,meta_label,-0.08579144527776017,-0.274517672106084,0.05211653134911731,18.0,3.0,
market,jma_trend,fx,F2008,position_sizing,0.1579010313356376,0.05674550691827998,0.22042918911451803,18.0,0.0,
market,jma_trend,fx,F2008,entry,0.3526478539904093,0.1775408097322523,0.4930290942344304,18.0,0.0,
market,jma_trend,fx,F2008,exit,0.3082900755670838,0.1717233486356163,0.44734678533616223,18.0,0.0,
market,jma_trend,fx,F2008,best_combined,-0.10903749434555443,-0.29873153015365334,0.040266541026548364,18.0,2.0,
market,jma_trend,fx,F2018,regime_linearity,-0.8990265721983891,-1.0081684257691825,-0.605638515195215,18.0,0.0,
market,jma_trend,fx,F2018,meta_label,-0.2881756676876743,-0.4156846902104052,-0.15146713971585715,18.0,0.0,
market,jma_trend,fx,F2018,position_sizing,-0.026459726638561387,-0.061561369725779636,0.07783740992059467,18.0,1.0,
market,jma_trend,fx,F2018,entry,-0.27714251768949805,-0.38740625439541065,-0.13844838379490298,18.0,0.0,
market,jma_trend,fx,F2018,exit,-1.1956793844406217,-1.4471578369306002,-0.5627184486153087,18.0,0.0,
market,jma_trend,fx,F2018,best_combined,-0.2584980230901664,-0.3768055685960789,-0.10019338542210221,18.0,0.0,
market,jma_trend,crypto,F2008,rule_adx,-0.067212911571224,-0.12418241512131578,0.09848487202433212,4.0,1.0,
market,jma_trend,crypto,F2018,rule_adx,-0.3317405441418063,-0.45532613477809897,-0.16769347351813974,4.0,0.0,
market,jma_trend,crypto,F2018,regime_linearity,-0.20876244868673682,-0.41905061550798595,-0.09858457714227142,4.0,0.0,
market,jma_trend,crypto,F2018,meta_label,0.1542251584168508,-0.049053399131617215,0.2917908947601014,4.0,1.0,
market,jma_trend,crypto,F2018,position_sizing,0.016206839050435184,-0.10184567095753208,0.09863508952182037,4.0,1.0,
market,jma_trend,crypto,F2018,entry,0.016044297892751636,-0.04877677375147632,0.07786362480219655,4.0,1.0,
market,jma_trend,crypto,F2018,exit,-0.16778856275304233,-0.20026583588813968,-0.13579251866374023,4.0,0.0,
market,jma_trend,crypto,F2018,best_combined,0.11656682105927985,-0.09884103379317455,0.2809655909123074,4.0,1.0,
market,jma_trend,stocks_us,F2008,rule_adx,-0.6862153784891052,-0.7822815896311548,-0.5317486608723152,20.0,0.0,
market,jma_trend,stocks_us,F2018,rule_adx,-0.6530049874203572,-0.7551741624599456,-0.5320885671955963,20.0,0.0,
market,jma_trend,stocks_us,F2008,regime_linearity,-0.6899605357473035,-0.7418204397306044,-0.5860059660094794,20.0,0.0,
market,jma_trend,stocks_us,F2008,meta_label,-0.4253112643472334,-0.5247162946398214,-0.32980936004899075,20.0,0.0,
market,jma_trend,stocks_us,F2008,position_sizing,0.12565275464908804,0.09356149894812926,0.15147287663427011,20.0,0.0,
market,jma_trend,stocks_us,F2008,entry,-0.5500184080053877,-0.6478564365455975,-0.4844656121706358,20.0,0.0,
market,jma_trend,stocks_us,F2008,exit,-0.9289004832031463,-1.0747630340416938,-0.8071795350454324,20.0,0.0,
market,jma_trend,stocks_us,F2008,best_combined,-0.40741635176421687,-0.5085499221915393,-0.31239831203116164,20.0,0.0,
market,jma_trend,stocks_us,F2018,regime_linearity,-0.9533769296364638,-1.0857829400877355,-0.8172791147959088,20.0,0.0,
market,jma_trend,stocks_us,F2018,meta_label,-0.4093705258406005,-0.47661177675868494,-0.28517329068563246,20.0,0.0,
market,jma_trend,stocks_us,F2018,position_sizing,-0.17512040640017656,-0.2007360708726892,-0.1009474947129333,20.0,0.0,
market,jma_trend,stocks_us,F2018,entry,-1.7788937486145258,-1.8675950859965318,-1.6871258106579323,20.0,0.0,
market,jma_trend,stocks_us,F2018,exit,-1.446915629953859,-1.5534019776022623,-1.3334224142808986,20.0,0.0,
market,jma_trend,stocks_us,F2018,best_combined,-0.3604412089518595,-0.4322421753923168,-0.2311826769258598,20.0,0.0,
market,jma_trend,stocks_intl,F2008,rule_adx,-0.7214075048003733,-0.8544960186485171,-0.6267681415336938,34.0,0.0,
market,jma_trend,stocks_intl,F2018,rule_adx,-0.5558065890617746,-0.6830672748629476,-0.4555465576305769,34.0,0.0,
market,jma_trend,stocks_intl,F2008,regime_linearity,-0.15606701288596136,-0.2559251236865845,-0.10644742122351226,34.0,0.0,
market,jma_trend,stocks_intl,F2008,meta_label,-0.21541349232636087,-0.3396897607245267,-0.08672590570520328,34.0,0.0,
market,jma_trend,stocks_intl,F2008,position_sizing,0.04592936393690983,0.02408288552112753,0.08153593031771905,34.0,0.0,
market,jma_trend,stocks_intl,F2008,entry,-0.7557162604853656,-0.8236200896684089,-0.6598356929685514,34.0,0.0,
market,jma_trend,stocks_intl,F2008,exit,-0.961022928496075,-1.072195590043333,-0.7823815743140573,34.0,0.0,
market,jma_trend,stocks_intl,F2008,best_combined,-0.21053998451362188,-0.32806240329952124,-0.08184657125470399,34.0,0.0,
market,jma_trend,stocks_intl,F2018,regime_linearity,0.1415218091749746,0.01925778523480326,0.21328783549767616,34.0,0.0,
market,jma_trend,stocks_intl,F2018,meta_label,-0.336292896429363,-0.4195020270652986,-0.2435629481301369,34.0,0.0,
market,jma_trend,stocks_intl,F2018,position_sizing,0.07494321487694466,0.0595916946298618,0.08569667115035295,34.0,0.0,
market,jma_trend,stocks_intl,F2018,entry,-1.2700730180365092,-1.343224763389523,-1.1052498989213797,34.0,0.0,
market,jma_trend,stocks_intl,F2018,exit,-1.2941390748345776,-1.383267386538551,-1.0919173923210426,34.0,0.0,
market,jma_trend,stocks_intl,F2018,best_combined,-0.34990101150879716,-0.4367548447487133,-0.25963108833060033,34.0,0.0,
market,sma_cross,equity_indices,F2008,rule_adx,-0.19282696132842758,-0.26309818501864596,-0.13583717619347524,28.0,0.0,
market,sma_cross,equity_indices,F2018,rule_adx,0.08511711703088937,0.056223326742364244,0.13173819449173346,28.0,0.0,
market,sma_cross,equity_indices,F2008,regime_linearity,-0.046831099927999525,-0.18204765279474083,0.06683645303358572,27.0,3.0,
market,sma_cross,equity_indices,F2008,meta_label,0.22537534167378565,0.08821677022162089,0.3824711828282874,18.0,0.0,
market,sma_cross,equity_indices,F2008,position_sizing,-0.02418304816467501,-0.07845389591503814,0.06054635657170611,28.0,3.0,
market,sma_cross,equity_indices,F2008,entry,0.02872703146448019,-0.0410291381049529,0.13306929188002298,28.0,3.0,
market,sma_cross,equity_indices,F2008,exit,-0.2170894345152139,-0.2903426370186569,-0.11816013449221807,28.0,0.0,
market,sma_cross,equity_indices,F2008,best_combined,0.22589767024135682,0.062403672206338884,0.3814826840815493,18.0,0.0,
market,sma_cross,equity_indices,F2018,regime_linearity,0.3395795063682644,0.29271974988137195,0.3860438233560179,28.0,0.0,
market,sma_cross,equity_indices,F2018,meta_label,0.3390086311070768,0.2664818077779031,0.38759255253995156,28.0,0.0,
market,sma_cross,equity_indices,F2018,position_sizing,0.035965739985592104,0.004306135403919664,0.05892985781985033,28.0,0.0,
market,sma_cross,equity_indices,F2018,entry,0.0806147341638972,0.031065410244457525,0.1420626413863441,28.0,0.0,
market,sma_cross,equity_indices,F2018,exit,0.6121725231697648,0.5062937133765713,0.6820049787853708,28.0,0.0,
market,sma_cross,equity_indices,F2018,best_combined,0.34526042311493915,0.27224878979540035,0.3966756976898506,28.0,0.0,
market,sma_cross,equity_etfs,F2008,rule_adx,0.011180547785513584,-0.029696553228096476,0.0652338714479824,19.0,6.0,
market,sma_cross,equity_etfs,F2018,rule_adx,-0.004706969647456094,-0.05520483110952179,0.06157614251261978,19.0,7.0,
market,sma_cross,equity_etfs,F2008,regime_linearity,0.042167557726818405,-0.02005002589839551,0.09983958511008985,19.0,3.0,
market,sma_cross,equity_etfs,F2008,meta_label,0.21270358838480768,0.1521973100059058,0.31178091371996197,19.0,0.0,
market,sma_cross,equity_etfs,F2008,position_sizing,0.08526693107865899,0.010690584259059693,0.11717720510621354,19.0,0.0,
market,sma_cross,equity_etfs,F2008,entry,0.12765350741616435,0.0628352258312202,0.18578838265940756,19.0,0.0,
market,sma_cross,equity_etfs,F2008,exit,0.06485031410028098,-0.008223084831239867,0.17760721097575138,19.0,3.0,
market,sma_cross,equity_etfs,F2008,best_combined,0.21064181039877153,0.14956626449640753,0.30501395310975965,19.0,0.0,
market,sma_cross,equity_etfs,F2018,regime_linearity,-0.012508419925153946,-0.15975834374961834,0.06353592761230573,19.0,11.0,
market,sma_cross,equity_etfs,F2018,meta_label,-0.04523676362148327,-0.11639506482496753,0.04508161451136078,19.0,4.0,
market,sma_cross,equity_etfs,F2018,position_sizing,0.051907808820396084,0.03590699563087657,0.07358766406818901,19.0,0.0,
market,sma_cross,equity_etfs,F2018,entry,-0.3619798043838747,-0.43325845232050453,-0.2681867568605743,19.0,0.0,
market,sma_cross,equity_etfs,F2018,exit,0.4442262696303825,0.33976248062015035,0.592328185982831,19.0,0.0,
market,sma_cross,equity_etfs,F2018,best_combined,0.08237588286299069,-0.013601975797451649,0.16815146660104777,19.0,1.0,
market,sma_cross,fixed_income,F2008,rule_adx,0.114748298662158,0.04100466952093046,0.16364542302724877,11.0,0.0,
market,sma_cross,fixed_income,F2018,rule_adx,-0.18687706324042663,-0.332943531119658,-0.06631512850474809,11.0,0.0,
market,sma_cross,fixed_income,F2008,regime_linearity,-0.06962697161504279,-0.2848817565510613,0.04338486841472777,10.0,2.0,
market,sma_cross,fixed_income,F2008,meta_label,0.27750840867151605,0.18680336588456165,0.3402729455197948,10.0,0.0,
market,sma_cross,fixed_income,F2008,position_sizing,0.01803853317918558,-0.011653742788618332,0.03890552203508374,11.0,1.0,
market,sma_cross,fixed_income,F2008,entry,-0.06894572981498154,-0.26128931627079827,-0.02025364119963627,11.0,0.0,
market,sma_cross,fixed_income,F2008,exit,-0.4524059126561054,-0.505155582523166,-0.36204768461903164,11.0,0.0,
market,sma_cross,fixed_income,F2008,best_combined,0.28830588912731037,0.20220446121381308,0.35591990961521025,10.0,0.0,
market,sma_cross,fixed_income,F2018,regime_linearity,-0.2821574280497038,-0.41665030999467695,-0.19472479334492596,11.0,0.0,
market,sma_cross,fixed_income,F2018,meta_label,0.030776825777598493,-0.14533967798053676,0.16478477062400754,11.0,4.0,
market,sma_cross,fixed_income,F2018,position_sizing,-0.1809158592415156,-0.23864478149701412,-0.13504878378421578,11.0,0.0,
market,sma_cross,fixed_income,F2018,entry,-0.37443464701811113,-0.6124111709514992,-0.0919922851744439,11.0,0.0,
market,sma_cross,fixed_income,F2018,exit,-0.6070729576731826,-1.0155900683428634,-0.21960966436106671,11.0,0.0,
market,sma_cross,fixed_income,F2018,best_combined,0.002129366640420627,-0.1842118041128309,0.14880177187726315,11.0,5.0,
market,sma_cross,commodities,F2008,rule_adx,-0.19972212146966284,-0.24867218891168466,-0.11279742363093426,19.0,0.0,
market,sma_cross,commodities,F2018,rule_adx,0.33755054497947456,0.2817073003904933,0.4224543245968806,19.0,0.0,
market,sma_cross,commodities,F2008,regime_linearity,0.21149238789286917,0.0837478498461437,0.35952597539865505,19.0,0.0,
market,sma_cross,commodities,F2008,meta_label,-0.5313060305271173,-0.7012442901772197,-0.40461512892641416,19.0,0.0,
market,sma_cross,commodities,F2008,position_sizing,-0.1326730701173697,-0.18068433790290178,-0.07981978675362128,19.0,0.0,
market,sma_cross,commodities,F2008,entry,0.0760406499796204,-0.0798119134950252,0.25619030243995944,19.0,4.0,
market,sma_cross,commodities,F2008,exit,-0.11310953662235645,-0.22608373175122146,0.05387363465524153,19.0,1.0,
market,sma_cross,commodities,F2008,best_combined,-0.5164445565346845,-0.6876291613565835,-0.3902279601581801,19.0,0.0,
market,sma_cross,commodities,F2018,regime_linearity,-0.30552554551307753,-0.4800807764998882,-0.09915004278479261,19.0,0.0,
market,sma_cross,commodities,F2018,meta_label,-0.6914189264879241,-0.806886115504598,-0.5144801547633162,19.0,0.0,
market,sma_cross,commodities,F2018,position_sizing,-0.12132084826997247,-0.1817493060874454,-0.06813516797695737,19.0,0.0,
market,sma_cross,commodities,F2018,entry,0.13196941032812412,-0.06758373995000809,0.36659060550955613,19.0,1.0,
market,sma_cross,commodities,F2018,exit,-0.08389066355086339,-0.2101875389211892,0.18974582820436706,19.0,3.0,
market,sma_cross,commodities,F2018,best_combined,-0.7301817594004644,-0.8823235179209746,-0.4920986837414279,19.0,0.0,
market,sma_cross,fx,F2008,rule_adx,-0.13018351798183142,-0.198665353045475,-0.017504244605749335,18.0,0.0,
market,sma_cross,fx,F2018,rule_adx,0.17177316393385816,0.08949927956847542,0.24186788164076906,18.0,0.0,
market,sma_cross,fx,F2008,regime_linearity,-0.06876797452096356,-0.15683859643130377,0.08933433315409033,18.0,3.0,
market,sma_cross,fx,F2008,meta_label,0.3623619685657715,0.23971418133475098,0.48176985266534017,18.0,0.0,
market,sma_cross,fx,F2008,position_sizing,0.20765742178050162,0.1602932767554321,0.2294876211266906,18.0,0.0,
market,sma_cross,fx,F2008,entry,0.00684129303176954,-0.07382148918198811,0.16208618932672572,18.0,10.0,
market,sma_cross,fx,F2008,exit,0.29315276836645415,0.13408393933200785,0.46806123528033017,18.0,0.0,
market,sma_cross,fx,F2008,best_combined,0.32273780599279267,0.18336275245798345,0.44240723738363913,18.0,0.0,
market,sma_cross,fx,F2018,regime_linearity,0.23426969064904196,0.07851877542683017,0.42339624861068154,18.0,0.0,
market,sma_cross,fx,F2018,meta_label,0.42452880006513904,0.3402316404225417,0.47929961592986364,18.0,0.0,
market,sma_cross,fx,F2018,position_sizing,0.041360753316063814,-0.01855755631840711,0.07557003311228233,18.0,1.0,
market,sma_cross,fx,F2018,entry,0.4278151003396447,-0.04644619770327635,0.6047491000934777,18.0,1.0,
market,sma_cross,fx,F2018,exit,0.09003383180052876,-0.09398174940144616,0.19953972053092123,18.0,1.0,
market,sma_cross,fx,F2018,best_combined,0.45257328271238056,0.36393737551664207,0.5202797097911419,18.0,0.0,
market,sma_cross,crypto,F2008,rule_adx,0.0,0.0,0.0,4.0,0.0,
market,sma_cross,crypto,F2018,rule_adx,0.05300073241860137,-0.08440075466433705,0.17856364842010794,4.0,2.0,
market,sma_cross,crypto,F2018,regime_linearity,-0.048794801605721555,-0.428247557605736,0.10522495665859283,4.0,2.0,
market,sma_cross,crypto,F2018,meta_label,0.0,0.0,0.0,4.0,0.0,
market,sma_cross,crypto,F2018,position_sizing,0.0,0.0,0.0,4.0,0.0,
market,sma_cross,crypto,F2018,entry,0.30230041182994993,0.10743952584369634,0.4325406928329695,4.0,0.0,
market,sma_cross,crypto,F2018,exit,-0.03224013454132629,-0.42773616659221103,0.31671489538900627,4.0,1.0,
market,sma_cross,crypto,F2018,best_combined,0.0,0.0,0.0,4.0,0.0,
market,sma_cross,stocks_us,F2008,rule_adx,0.05717142890009902,0.008171787574086958,0.10606922314349568,20.0,0.0,
market,sma_cross,stocks_us,F2018,rule_adx,0.2798655241179835,0.14673968916019925,0.3564551471803149,20.0,0.0,
market,sma_cross,stocks_us,F2008,regime_linearity,0.21445751284360776,0.021011943515531123,0.29390396708460076,20.0,0.0,
market,sma_cross,stocks_us,F2008,meta_label,-0.1635202871013977,-0.2460033361099443,-0.07776150875136582,20.0,0.0,
market,sma_cross,stocks_us,F2008,position_sizing,-0.004754403578971278,-0.05529144640090902,0.03217267621083897,20.0,8.0,
market,sma_cross,stocks_us,F2008,entry,0.0825976344388229,-0.013209789100154495,0.21722300374434456,20.0,1.0,
market,sma_cross,stocks_us,F2008,exit,-0.3158388126629911,-0.4285863053315165,-0.15230299701807515,20.0,0.0,
market,sma_cross,stocks_us,F2008,best_combined,-0.1255041154059543,-0.21498543247234758,-0.033800930355232045,20.0,0.0,
market,sma_cross,stocks_us,F2018,regime_linearity,0.7105405705085479,0.5722686491237621,0.8558154790713898,20.0,0.0,
market,sma_cross,stocks_us,F2018,meta_label,0.804527778469647,0.6576460269863629,0.8807506647192478,20.0,0.0,
market,sma_cross,stocks_us,F2018,position_sizing,0.3246576671264096,0.25495074242772764,0.3839174211104969,20.0,0.0,
market,sma_cross,stocks_us,F2018,entry,0.06193029884217205,-0.049089762039689955,0.16169959561152403,20.0,4.0,
market,sma_cross,stocks_us,F2018,exit,0.6637940887264276,0.5499882976674986,0.8281288526517154,20.0,0.0,
market,sma_cross,stocks_us,F2018,best_combined,0.797420902849551,0.647401884083444,0.8771727869787016,20.0,0.0,
market,sma_cross,stocks_intl,F2008,rule_adx,-0.08765625331732962,-0.14302140886180306,-0.04678385525186149,34.0,0.0,
market,sma_cross,stocks_intl,F2018,rule_adx,-0.24173784224279413,-0.30731921035324666,-0.1794407195219333,34.0,0.0,
market,sma_cross,stocks_intl,F2008,regime_linearity,0.0390195706938207,-0.04317600051239803,0.11688439221047423,34.0,5.0,
market,sma_cross,stocks_intl,F2008,meta_label,-0.009166377880171217,-0.13049417188675247,0.07810641536997293,31.0,12.0,
market,sma_cross,stocks_intl,F2008,position_sizing,0.08390952757706899,0.04553049310704027,0.11703709966708585,34.0,0.0,
market,sma_cross,stocks_intl,F2008,entry,-0.31963441263028847,-0.3893270268642036,-0.23273421611288542,34.0,0.0,
market,sma_cross,stocks_intl,F2008,exit,-0.16674818680189912,-0.3106447233865197,0.0005810935826021102,34.0,1.0,
market,sma_cross,stocks_intl,F2008,best_combined,-0.027397390265332056,-0.1620358828553118,0.07033083398094864,31.0,11.0,
market,sma_cross,stocks_intl,F2018,regime_linearity,-0.1012855217884989,-0.3119699894236269,0.06238340853488411,33.0,1.0,
market,sma_cross,stocks_intl,F2018,meta_label,0.37112022727229815,0.21562512587443822,0.4924885705565193,34.0,0.0,
market,sma_cross,stocks_intl,F2018,position_sizing,0.17748804219914918,0.1392033980660701,0.23105204069123472,34.0,0.0,
market,sma_cross,stocks_intl,F2018,entry,-0.4623115706839629,-0.5749362536703713,-0.38446146404842757,34.0,0.0,
market,sma_cross,stocks_intl,F2018,exit,-0.2158321269183647,-0.3047195239514995,0.04701274007726047,34.0,1.0,
market,sma_cross,stocks_intl,F2018,best_combined,0.35449629021056506,0.18257534530164493,0.48075099916317765,34.0,0.0,
market,donchian,equity_indices,F2008,rule_adx,-0.1485561685920506,-0.17246047430942762,-0.12325288569460832,28.0,0.0,
market,donchian,equity_indices,F2018,rule_adx,-0.020190431651904477,-0.05806113392787426,0.021804796692641473,28.0,2.0,
market,donchian,equity_indices,F2008,regime_linearity,0.0032790330679543928,-0.043857183009363844,0.03666492432136417,28.0,12.0,
market,donchian,equity_indices,F2008,meta_label,0.18308310731494032,0.11102796979216903,0.21379688332711516,28.0,0.0,
market,donchian,equity_indices,F2008,position_sizing,0.0856947465275364,0.07000951281116344,0.09684282054606921,28.0,0.0,
market,donchian,equity_indices,F2008,entry,-0.05696746853865627,-0.1055670614646133,-0.017322970405957844,28.0,0.0,
market,donchian,equity_indices,F2008,exit,0.0386205779242287,-0.011947376394440684,0.0808148549539395,28.0,2.0,
market,donchian,equity_indices,F2008,best_combined,0.22183609538129534,0.1598138170419937,0.2589499455599622,28.0,0.0,
market,donchian,equity_indices,F2018,regime_linearity,-0.044347069743700895,-0.103761473618798,0.009327428434503612,28.0,1.0,
market,donchian,equity_indices,F2018,meta_label,0.4847242844317669,0.28882718319025713,0.5239479915767696,28.0,0.0,
market,donchian,equity_indices,F2018,position_sizing,0.09637585048181535,0.07008909720729493,0.1200251474091003,28.0,0.0,
market,donchian,equity_indices,F2018,entry,-0.15243120084427986,-0.26301102988943903,-0.10987874493235997,28.0,0.0,
market,donchian,equity_indices,F2018,exit,0.12730052050706192,0.04515688906114769,0.1782514539945621,28.0,0.0,
market,donchian,equity_indices,F2018,best_combined,0.5050847762122799,0.31778855653098703,0.5446689275526843,28.0,0.0,
market,donchian,equity_etfs,F2008,rule_adx,-0.16314859951970562,-0.18900239000066532,-0.11930332325384603,19.0,0.0,
market,donchian,equity_etfs,F2018,rule_adx,-0.04036481296584016,-0.07860476184724483,-0.01671178999958875,19.0,0.0,
market,donchian,equity_etfs,F2008,regime_linearity,-0.22047324612211705,-0.24575883869102572,-0.17768053610101023,19.0,0.0,
market,donchian,equity_etfs,F2008,meta_label,0.0949828494042102,0.053129139535501364,0.14320926520472768,19.0,0.0,
market,donchian,equity_etfs,F2008,position_sizing,0.15979570973922969,0.14406220194315,0.18169119952970142,19.0,0.0,
market,donchian,equity_etfs,F2008,entry,-0.0783403468317702,-0.1305756167332808,-0.015736535823553152,19.0,0.0,
market,donchian,equity_etfs,F2008,exit,-0.13629032781599748,-0.18123300750512966,-0.06471954011730356,19.0,0.0,
market,donchian,equity_etfs,F2008,best_combined,0.10486153342913443,0.060781348272704164,0.15144539450579322,19.0,0.0,
market,donchian,equity_etfs,F2018,regime_linearity,0.04805485415497121,-0.005435571326448813,0.11086564135958278,19.0,1.0,
market,donchian,equity_etfs,F2018,meta_label,0.4600322917730976,0.40788701213187323,0.5078161538732668,19.0,0.0,
market,donchian,equity_etfs,F2018,position_sizing,0.14127509259251517,0.10869367347202331,0.16472953486564235,19.0,0.0,
market,donchian,equity_etfs,F2018,entry,-0.5458343568496054,-0.5868711059373,-0.4951419580439139,19.0,0.0,
market,donchian,equity_etfs,F2018,exit,-0.10587894573245532,-0.1874756898094581,-0.03590321589244819,19.0,0.0,
market,donchian,equity_etfs,F2018,best_combined,0.44703428694904046,0.3890529532948215,0.5006721757249162,19.0,0.0,
market,donchian,fixed_income,F2008,rule_adx,0.06630390722859696,0.03442333712387411,0.10769596871912547,11.0,0.0,
market,donchian,fixed_income,F2018,rule_adx,-0.13333738547701393,-0.16887917706075967,-0.06553382591829282,11.0,0.0,
market,donchian,fixed_income,F2008,regime_linearity,-0.2888906562101181,-0.3543072430200815,-0.16845482369830034,11.0,0.0,
market,donchian,fixed_income,F2008,meta_label,0.0332418400519782,-0.028757539252730845,0.07582456546088012,11.0,1.0,
market,donchian,fixed_income,F2008,position_sizing,-0.008042297367198924,-0.034989622113734235,0.02918585151423835,11.0,5.0,
market,donchian,fixed_income,F2008,entry,0.16450932980330757,0.07739487032493364,0.22121459112235714,11.0,0.0,
market,donchian,fixed_income,F2008,exit,-0.5839479345649692,-0.6890688462808213,-0.412427019142839,11.0,0.0,
market,donchian,fixed_income,F2008,best_combined,0.04770020540766249,-0.020716667238922862,0.10195936155839716,11.0,1.0,
market,donchian,fixed_income,F2018,regime_linearity,-0.1173421640438852,-0.1735089036864703,-0.01309673766164468,11.0,0.0,
market,donchian,fixed_income,F2018,meta_label,0.006293368955751638,-0.09301187744071741,0.09164129642352352,11.0,5.0,
market,donchian,fixed_income,F2018,position_sizing,0.014012749177784278,-0.014196375658238149,0.042296711375755386,11.0,4.0,
market,donchian,fixed_income,F2018,entry,-0.17783985692489515,-0.31230147758191007,-0.0472631602953815,11.0,0.0,
market,donchian,fixed_income,F2018,exit,-0.44523481718705177,-0.4795484507615681,-0.3858214016035351,11.0,0.0,
market,donchian,fixed_income,F2018,best_combined,-0.0006789144033059816,-0.10762808230736075,0.08424554852724832,11.0,6.0,
market,donchian,commodities,F2008,rule_adx,-0.0460554721054464,-0.10074857672417002,0.023706027130223524,19.0,1.0,
market,donchian,commodities,F2018,rule_adx,-0.3102669516970414,-0.37492686041698053,-0.27280707344933486,19.0,0.0,
market,donchian,commodities,F2008,regime_linearity,0.1062373085443476,0.03274466488614074,0.15627262524841612,19.0,0.0,
market,donchian,commodities,F2008,meta_label,0.16241288007436155,0.09124520655923352,0.20934853911799545,19.0,0.0,
market,donchian,commodities,F2008,position_sizing,0.05795994135927434,0.025555172295711026,0.10075811999176602,19.0,0.0,
market,donchian,commodities,F2008,entry,0.3345531660297763,0.18400666129722798,0.4130218593086076,19.0,0.0,
market,donchian,commodities,F2008,exit,0.2650541714996884,0.16624462487950117,0.3957633918222039,19.0,0.0,
market,donchian,commodities,F2008,best_combined,0.152956844527768,0.06990911029153549,0.20002343169585673,19.0,0.0,
market,donchian,commodities,F2018,regime_linearity,0.026806166455614677,-0.026256104817123316,0.11939364365410993,19.0,5.0,
market,donchian,commodities,F2018,meta_label,0.2614380046175465,0.18646333317055497,0.3126337446744165,19.0,0.0,
market,donchian,commodities,F2018,position_sizing,0.03673460719801641,0.016219173531221986,0.0770832205916211,19.0,0.0,
market,donchian,commodities,F2018,entry,0.3402651676975915,0.19303605738935264,0.45253346005103956,19.0,0.0,
market,donchian,commodities,F2018,exit,0.503297120773439,0.3895372858641876,0.5864930072597054,19.0,0.0,
market,donchian,commodities,F2018,best_combined,0.2999073724122203,0.2241365237659204,0.367019424603027,19.0,0.0,
market,donchian,fx,F2008,rule_adx,0.010251984103621783,-0.03244839816002175,0.039523378361360384,18.0,5.0,
market,donchian,fx,F2018,rule_adx,0.2094112635083885,0.14780587431490988,0.2377855996302911,18.0,0.0,
market,donchian,fx,F2008,regime_linearity,-0.021425906673584127,-0.16691357589810812,0.036083413043557416,18.0,6.0,
market,donchian,fx,F2008,meta_label,0.08316720335040656,0.009325391814467177,0.14245198132739284,18.0,0.0,
market,donchian,fx,F2008,position_sizing,0.02625542130165201,-0.0014765383802112786,0.07410926425141162,18.0,1.0,
market,donchian,fx,F2008,entry,-0.035634164680523855,-0.13683657192181262,0.07648439015150822,18.0,5.0,
market,donchian,fx,F2008,exit,-0.25331724028490665,-0.3116443351793766,-0.15405893043016955,18.0,0.0,
market,donchian,fx,F2008,best_combined,0.09297267870425355,0.02567081735896216,0.15411301556203805,18.0,0.0,
market,donchian,fx,F2018,regime_linearity,-0.08203059431467546,-0.19652831598717407,0.10040314563525865,18.0,1.0,
market,donchian,fx,F2018,meta_label,0.7150259899325978,0.48146351648572505,0.7771946015204116,17.0,0.0,
market,donchian,fx,F2018,position_sizing,0.08965657629027461,0.028073973144979194,0.11463412948396334,18.0,0.0,
market,donchian,fx,F2018,entry,0.35448212611106295,0.204117258765245,0.43784953743638577,18.0,0.0,
market,donchian,fx,F2018,exit,-0.5606874383558309,-0.6479451875051874,-0.4130238048740684,18.0,0.0,
market,donchian,fx,F2018,best_combined,0.716358965751787,0.4983504541512829,0.7783327705375286,17.0,0.0,
market,donchian,crypto,F2008,rule_adx,-0.005652107476861179,-0.007264833417810701,0.0,4.0,1.0,
market,donchian,crypto,F2018,rule_adx,-0.07244470101492562,-0.08885013563811911,-0.036302085150594854,4.0,0.0,
market,donchian,crypto,F2018,regime_linearity,-0.046522084237324735,-0.1008861068925111,0.0015047171752459176,4.0,1.0,
market,donchian,crypto,F2018,meta_label,-0.015240151348066056,-0.16425478695402468,0.12384367163292476,4.0,2.0,
market,donchian,crypto,F2018,position_sizing,0.15278432811328713,0.04901044924118647,0.2695235638994259,4.0,0.0,
market,donchian,crypto,F2018,entry,0.07150763197176058,-0.016395971750803318,0.1678395650924852,4.0,1.0,
market,donchian,crypto,F2018,exit,-0.09914194554029132,-0.16679480052044524,-0.018266097851832863,4.0,0.0,
market,donchian,crypto,F2018,best_combined,-0.00315980557274248,-0.16915591874015967,0.13664115431957413,4.0,2.0,
market,donchian,stocks_us,F2008,rule_adx,-0.27275492335751184,-0.31320243923235824,-0.2174027563187291,20.0,0.0,
market,donchian,stocks_us,F2018,rule_adx,0.16587664989321754,0.13843403021867662,0.19794724644182599,20.0,0.0,
market,donchian,stocks_us,F2008,regime_linearity,0.1866755823740258,0.12772706397590033,0.2465248708219314,20.0,0.0,
market,donchian,stocks_us,F2008,meta_label,0.09869010348948111,0.06594567074664483,0.1563107071256231,20.0,0.0,
market,donchian,stocks_us,F2008,position_sizing,0.11999256042729842,0.08648521953940226,0.14183920182082937,20.0,0.0,
market,donchian,stocks_us,F2008,entry,0.031716593985589174,-0.01909762975059806,0.17393325843829713,20.0,4.0,
market,donchian,stocks_us,F2008,exit,-0.2544766736126383,-0.31897567307395536,-0.16415891363389074,20.0,0.0,
market,donchian,stocks_us,F2008,best_combined,0.13125594205261182,0.09398535961720716,0.19004251561098373,20.0,0.0,
market,donchian,stocks_us,F2018,regime_linearity,0.2033893312213332,0.15842875614181856,0.2428607490582629,20.0,0.0,
market,donchian,stocks_us,F2018,meta_label,0.5553817976524771,0.4707304692187909,0.6596696061585655,20.0,0.0,
market,donchian,stocks_us,F2018,position_sizing,0.1522772111115593,0.12590726519324466,0.17053740120455685,20.0,0.0,
market,donchian,stocks_us,F2018,entry,-0.44697080922163285,-0.5092302431158047,-0.3587643600437382,20.0,0.0,
market,donchian,stocks_us,F2018,exit,0.16948040837383013,0.08524973033230396,0.24138853771235078,20.0,0.0,
market,donchian,stocks_us,F2018,best_combined,0.6087691248286637,0.5203555712692469,0.7043517640194421,20.0,0.0,
market,donchian,stocks_intl,F2008,rule_adx,0.09013919760761846,0.03556187029754068,0.1222756089103317,34.0,0.0,
market,donchian,stocks_intl,F2018,rule_adx,-0.08408226240507238,-0.1099186467343895,-0.048616937603583224,34.0,0.0,
market,donchian,stocks_intl,F2008,regime_linearity,0.2152944773818813,0.15160508894218033,0.3190433699838171,34.0,0.0,
market,donchian,stocks_intl,F2008,meta_label,0.32072519979826397,0.27409500765668143,0.38824475454378443,34.0,0.0,
market,donchian,stocks_intl,F2008,position_sizing,0.13863500598493506,0.11964680869220706,0.1529430014801027,34.0,0.0,
market,donchian,stocks_intl,F2008,entry,-0.2691777220742363,-0.33422448963294704,-0.21907151692860044,34.0,0.0,
market,donchian,stocks_intl,F2008,exit,-0.49998720743032854,-0.5532043087000555,-0.3977410324763183,34.0,0.0,
market,donchian,stocks_intl,F2008,best_combined,0.32300514980640727,0.270891307746027,0.38813110220774544,34.0,0.0,
market,donchian,stocks_intl,F2018,regime_linearity,0.13909330441674447,0.10027225692173182,0.17757793852073822,34.0,0.0,
market,donchian,stocks_intl,F2018,meta_label,0.19745893846391563,0.15004920214725417,0.3038553355188657,34.0,0.0,
market,donchian,stocks_intl,F2018,position_sizing,0.11379666632439031,0.09294630189811406,0.13440984757100974,34.0,0.0,
market,donchian,stocks_intl,F2018,entry,-0.334347576611052,-0.43911586780699385,-0.21892143893106045,34.0,0.0,
market,donchian,stocks_intl,F2018,exit,-0.2531481513580765,-0.31818030861967306,-0.20062411464660157,34.0,0.0,
market,donchian,stocks_intl,F2018,best_combined,0.2588264250272796,0.19941912128006592,0.3688361772692482,34.0,0.0,
market,ts_momentum,equity_indices,F2008,rule_adx,0.16336944402133124,0.08568582636026975,0.19633311969179246,28.0,0.0,
market,ts_momentum,equity_indices,F2018,rule_adx,0.06688217589789493,0.03726984810298027,0.09882150414555024,28.0,0.0,
market,ts_momentum,equity_indices,F2008,regime_linearity,-0.010357403507728971,-0.1029116607312732,0.08078801014740562,28.0,9.0,
market,ts_momentum,equity_indices,F2008,meta_label,0.21919795480606574,0.10598314213130373,0.28470276167024766,28.0,0.0,
market,ts_momentum,equity_indices,F2008,position_sizing,-0.05638178986246829,-0.08821305819185919,-0.016558359338085166,28.0,0.0,
market,ts_momentum,equity_indices,F2008,entry,0.046615753391425915,-0.019262649520349312,0.13094725287790165,28.0,1.0,
market,ts_momentum,equity_indices,F2008,exit,-0.33026039954336667,-0.48481213622382624,-0.2438377638324767,28.0,0.0,
market,ts_momentum,equity_indices,F2008,best_combined,0.27099051919493555,0.15321762743816675,0.3335398961975399,28.0,0.0,
market,ts_momentum,equity_indices,F2018,regime_linearity,0.026671078829952538,-0.05223743469115277,0.09329676862570484,28.0,6.0,
market,ts_momentum,equity_indices,F2018,meta_label,-0.3634976744436176,-0.5694276801006406,-0.22328985395479564,28.0,0.0,
market,ts_momentum,equity_indices,F2018,position_sizing,-0.09838075296519458,-0.12879191138370993,-0.0722287906010532,28.0,0.0,
market,ts_momentum,equity_indices,F2018,entry,-0.15194788716438665,-0.21428038616830417,-0.0957273817824916,28.0,0.0,
market,ts_momentum,equity_indices,F2018,exit,0.40797718508123515,0.25486565866237854,0.4851749410430358,28.0,0.0,
market,ts_momentum,equity_indices,F2018,best_combined,-0.3823936503913503,-0.6077511977994139,-0.2482796038740854,28.0,0.0,
market,ts_momentum,equity_etfs,F2008,rule_adx,-0.03086695950576232,-0.06011485971589711,-0.009152038283141192,19.0,0.0,
market,ts_momentum,equity_etfs,F2018,rule_adx,0.000901420594084601,-0.07335180686597095,0.058046975366036035,19.0,9.0,
market,ts_momentum,equity_etfs,F2008,regime_linearity,-0.37451764554027933,-0.45476247385034074,-0.30663715420347853,19.0,0.0,
market,ts_momentum,equity_etfs,F2008,meta_label,0.18996275638688442,0.13174373078144352,0.247479788714591,19.0,0.0,
market,ts_momentum,equity_etfs,F2008,position_sizing,0.053540388365204694,0.025016985992401097,0.07173019575709755,19.0,0.0,
market,ts_momentum,equity_etfs,F2008,entry,-0.01273905477194312,-0.05672450971927351,0.04246332209682008,19.0,6.0,
market,ts_momentum,equity_etfs,F2008,exit,-0.27878176847396663,-0.39625819565146847,-0.1181768633004633,19.0,0.0,
market,ts_momentum,equity_etfs,F2008,best_combined,0.20265753822075128,0.1387478055918926,0.2547235657493715,19.0,0.0,
market,ts_momentum,equity_etfs,F2018,regime_linearity,-0.10466888834262913,-0.16811275428202097,-0.04443579354257221,19.0,0.0,
market,ts_momentum,equity_etfs,F2018,meta_label,0.09103382338364709,0.02384595948449804,0.20750292496033032,19.0,0.0,
market,ts_momentum,equity_etfs,F2018,position_sizing,-0.07677333720690746,-0.13248539631309791,-0.0036570230964506623,19.0,0.0,
market,ts_momentum,equity_etfs,F2018,entry,-0.5342670826139605,-0.6194681325900055,-0.46434704043854236,19.0,0.0,
market,ts_momentum,equity_etfs,F2018,exit,0.2720181502315994,0.19341049536679264,0.3823220025605317,19.0,0.0,
market,ts_momentum,equity_etfs,F2018,best_combined,0.10806396238445573,0.03270818744136039,0.24998956209834744,19.0,0.0,
market,ts_momentum,fixed_income,F2008,rule_adx,0.20652787767052336,0.049074127466298356,0.3125395515248838,11.0,0.0,
market,ts_momentum,fixed_income,F2018,rule_adx,-0.3188337523799568,-0.401226452578604,-0.2703163391912205,11.0,0.0,
market,ts_momentum,fixed_income,F2008,regime_linearity,-0.05046660983240438,-0.15315184154229522,0.1003313223825664,11.0,3.0,
market,ts_momentum,fixed_income,F2008,meta_label,-0.04089273884709789,-0.11857230447626589,0.037013477625146785,10.0,2.0,
market,ts_momentum,fixed_income,F2008,position_sizing,0.21890254895122727,0.1740757478238563,0.2523819597438451,11.0,0.0,
market,ts_momentum,fixed_income,F2008,entry,0.000791590252696317,-0.22755103843341692,0.15268582444950882,11.0,5.0,
market,ts_momentum,fixed_income,F2008,exit,-0.13870530015848925,-0.5442882403290363,-0.025414165914355885,11.0,0.0,
market,ts_momentum,fixed_income,F2008,best_combined,-0.06077496580924129,-0.1586358050439915,0.006942945192284132,10.0,1.0,
market,ts_momentum,fixed_income,F2018,regime_linearity,0.13870703524375327,0.011237600361438949,0.2784436354275886,11.0,0.0,
market,ts_momentum,fixed_income,F2018,meta_label,0.12247515474903187,-0.11384199019598744,0.30359417005212214,11.0,2.0,
market,ts_momentum,fixed_income,F2018,position_sizing,0.01128632253197237,-0.028865756204645765,0.051446717585135415,11.0,4.0,
market,ts_momentum,fixed_income,F2018,entry,-0.41722648471539975,-0.4686704102267547,-0.3022772185089433,11.0,0.0,
market,ts_momentum,fixed_income,F2018,exit,-0.6692420441191802,-0.7414166956730965,-0.6053709988950796,11.0,0.0,
market,ts_momentum,fixed_income,F2018,best_combined,0.16632018614914945,-0.06214821836513848,0.3450408880345053,11.0,1.0,
market,ts_momentum,commodities,F2008,rule_adx,-0.17768024658958698,-0.29798035502609493,-0.03440238322038616,19.0,0.0,
market,ts_momentum,commodities,F2018,rule_adx,-0.14032666952590864,-0.18173301344045145,-0.07907655468612892,19.0,0.0,
market,ts_momentum,commodities,F2008,regime_linearity,-0.02319144390889749,-0.11570139146646904,0.10387928716680303,19.0,4.0,
market,ts_momentum,commodities,F2008,meta_label,-0.31203370549342546,-0.47816810601103926,-0.11263374444418527,19.0,0.0,
market,ts_momentum,commodities,F2008,position_sizing,-0.04416762448319267,-0.09783893052452791,0.00748360656048308,19.0,1.0,
market,ts_momentum,commodities,F2008,entry,0.08016887593605798,-0.06263961991601391,0.2723686948921162,19.0,2.0,
market,ts_momentum,commodities,F2008,exit,-0.020289786103474816,-0.20925446824491706,0.1585239862369758,19.0,9.0,
market,ts_momentum,commodities,F2008,best_combined,-0.30884416518754454,-0.471339286846053,-0.09724785697541789,19.0,0.0,
market,ts_momentum,commodities,F2018,regime_linearity,0.06407608009776744,-0.13926425191791963,0.17099276819993112,19.0,3.0,
market,ts_momentum,commodities,F2018,meta_label,-0.026239834088941177,-0.17750109252532728,0.05864196824999904,19.0,9.0,
market,ts_momentum,commodities,F2018,position_sizing,0.00960402413154593,-0.024485536160104952,0.05782937494370574,19.0,6.0,
market,ts_momentum,commodities,F2018,entry,0.032995701173982595,-0.07621140489290536,0.17868365112369222,19.0,6.0,
market,ts_momentum,commodities,F2018,exit,0.020284673801464204,-0.32545357026646143,0.17305857352727125,19.0,6.0,
market,ts_momentum,commodities,F2018,best_combined,-0.10251102456908075,-0.25016513588383454,-0.02595214618598682,19.0,0.0,
market,ts_momentum,fx,F2008,rule_adx,-0.07394149619546,-0.1348091137849939,0.027501399200320076,18.0,2.0,
market,ts_momentum,fx,F2018,rule_adx,0.17356013498120193,-0.001420851231194814,0.2604152192764714,18.0,1.0,
market,ts_momentum,fx,F2008,regime_linearity,0.22916857918222844,0.08370445572679011,0.325653002905543,18.0,0.0,
market,ts_momentum,fx,F2008,meta_label,-0.0752181593432121,-0.17579184812586982,0.042723811368365575,18.0,1.0,
market,ts_momentum,fx,F2008,position_sizing,-0.025165929456446703,-0.06179707817518015,0.011984890873468546,18.0,2.0,
market,ts_momentum,fx,F2008,entry,0.11125021153538905,0.009287662272887146,0.23230059423186888,18.0,0.0,
market,ts_momentum,fx,F2008,exit,-0.8856956770308216,-0.9717407309775088,-0.7471751713830476,18.0,0.0,
market,ts_momentum,fx,F2008,best_combined,-0.10810047010073884,-0.21653461555799222,0.011228626815455583,18.0,1.0,
market,ts_momentum,fx,F2018,regime_linearity,0.06295885893346664,-0.07542912925235662,0.19984732893643348,18.0,1.0,
market,ts_momentum,fx,F2018,meta_label,0.031344605074841214,-0.2839795632939454,0.1588261734528652,18.0,2.0,
market,ts_momentum,fx,F2018,position_sizing,0.06388920968587286,0.0024385242459442624,0.09100155417689243,18.0,0.0,
market,ts_momentum,fx,F2018,entry,0.44007229145046206,-0.03883408830805396,0.6503744523028122,18.0,1.0,
market,ts_momentum,fx,F2018,exit,-0.24224738831436143,-0.3580364186830021,-0.13961670554945949,18.0,0.0,
market,ts_momentum,fx,F2018,best_combined,0.061093045958643566,-0.2399830423758464,0.17754721558341374,18.0,1.0,
market,ts_momentum,crypto,F2008,rule_adx,0.0,0.0,0.0,4.0,0.0,
market,ts_momentum,crypto,F2018,rule_adx,-0.25053275764458505,-0.26514085189383074,-0.194193415940707,4.0,0.0,
market,ts_momentum,crypto,F2018,regime_linearity,-0.012542710008692365,-0.05172706848982779,0.028892000248761207,4.0,1.0,
market,ts_momentum,crypto,F2018,meta_label,0.0,0.0,0.0,4.0,0.0,
market,ts_momentum,crypto,F2018,position_sizing,0.0,2.7755575615628914e-17,2.220446049250313e-16,4.0,4.0,
market,ts_momentum,crypto,F2018,entry,0.20445200804272606,0.016731287426436092,0.30515354314254894,4.0,0.0,
market,ts_momentum,crypto,F2018,exit,-0.2277791915678836,-0.5001381889112583,0.034900537443951996,4.0,1.0,
market,ts_momentum,crypto,F2018,best_combined,0.0,2.7755575615628914e-17,2.220446049250313e-16,4.0,4.0,
market,ts_momentum,stocks_us,F2008,rule_adx,0.06453207084159296,-0.009170743616836619,0.12365011330626492,20.0,1.0,
market,ts_momentum,stocks_us,F2018,rule_adx,0.28459233165619024,0.22950375803123024,0.34249686699588205,20.0,0.0,
market,ts_momentum,stocks_us,F2008,regime_linearity,0.40104640724186924,0.31186685328071506,0.5219885679493401,20.0,0.0,
market,ts_momentum,stocks_us,F2008,meta_label,0.42704301821103774,0.3291811550373548,0.5498512513714964,20.0,0.0,
market,ts_momentum,stocks_us,F2008,position_sizing,0.02019308554787133,-0.03646075677707078,0.06010441549219206,20.0,2.0,
market,ts_momentum,stocks_us,F2008,entry,0.136139328563768,0.05402287984229537,0.27780604180428475,20.0,0.0,
market,ts_momentum,stocks_us,F2008,exit,-0.10584401303284172,-0.1962402245467222,0.029460966181784037,20.0,2.0,
market,ts_momentum,stocks_us,F2008,best_combined,0.45575683482753104,0.35089603401529246,0.5715517599644221,20.0,0.0,
market,ts_momentum,stocks_us,F2018,regime_linearity,0.31854049106759663,0.04890438515151996,0.4977600042182612,19.0,0.0,
market,ts_momentum,stocks_us,F2018,meta_label,0.32016971938511746,0.21541829518073702,0.46305128034827303,20.0,0.0,
market,ts_momentum,stocks_us,F2018,position_sizing,-0.03427071275294424,-0.09573795397019946,0.039568444706838735,20.0,1.0,
market,ts_momentum,stocks_us,F2018,entry,-0.02491979694965718,-0.13009969155312673,0.09783992782169093,20.0,6.0,
market,ts_momentum,stocks_us,F2018,exit,0.6926487712094999,0.525594535056242,0.9016877155329532,20.0,0.0,
market,ts_momentum,stocks_us,F2018,best_combined,0.37343668184908,0.2766964763375638,0.5187335098393644,20.0,0.0,
market,ts_momentum,stocks_intl,F2008,rule_adx,0.18915994723190901,0.11681722302488759,0.24989958977872,34.0,0.0,
market,ts_momentum,stocks_intl,F2018,rule_adx,0.2147514606751267,0.1668319002263612,0.33440143357135776,34.0,0.0,
market,ts_momentum,stocks_intl,F2008,regime_linearity,0.19971139110285774,0.13275079496562014,0.28563818044806716,34.0,0.0,
market,ts_momentum,stocks_intl,F2008,meta_label,0.14051237821177875,0.027025913396274498,0.18798995015584416,34.0,0.0,
market,ts_momentum,stocks_intl,F2008,position_sizing,0.09869202329656981,0.05884833538012145,0.1225383955363005,34.0,0.0,
market,ts_momentum,stocks_intl,F2008,entry,-0.4337904452763316,-0.4932982719767687,-0.3655715006045215,34.0,0.0,
market,ts_momentum,stocks_intl,F2008,exit,0.5421774351505405,0.43377513934417855,0.6949055809918766,34.0,0.0,
market,ts_momentum,stocks_intl,F2008,best_combined,0.0968601868108304,-0.004746713615163475,0.13941853609612198,34.0,1.0,
market,ts_momentum,stocks_intl,F2018,regime_linearity,0.4598794860734604,0.26427529566197777,0.5684802411176444,34.0,0.0,
market,ts_momentum,stocks_intl,F2018,meta_label,0.18867429395604063,0.08429123591245957,0.33473681600307637,34.0,0.0,
market,ts_momentum,stocks_intl,F2018,position_sizing,-0.0574068549821235,-0.12548517673263015,-0.02801092569114283,34.0,0.0,
market,ts_momentum,stocks_intl,F2018,entry,-0.22296874735865801,-0.3109667609345105,-0.15808414738049087,34.0,0.0,
market,ts_momentum,stocks_intl,F2018,exit,0.17917857414725216,0.11117798114734961,0.2927910577597125,34.0,0.0,
market,ts_momentum,stocks_intl,F2018,best_combined,0.15776261136721426,0.0662116601381384,0.2986205208729006,34.0,0.0,
market,rsi2_reversion,equity_indices,F2008,rule_adx,0.098644562816801,0.0529377851831605,0.14919260032051748,28.0,0.0,
market,rsi2_reversion,equity_indices,F2018,rule_adx,0.22361316758861915,0.1628122501145759,0.29866857802067703,28.0,0.0,
market,rsi2_reversion,equity_indices,F2008,regime_linearity,-0.2539526686368239,-0.2931294638951123,-0.20873737905753964,28.0,0.0,
market,rsi2_reversion,equity_indices,F2008,meta_label,0.006547714718764641,-0.04332688877325075,0.07422622377864685,28.0,11.0,
market,rsi2_reversion,equity_indices,F2008,position_sizing,0.029940718448401016,0.010263198915454713,0.06826655444705357,28.0,0.0,
market,rsi2_reversion,equity_indices,F2008,entry,-1.0698335170071147,-1.1426407393385616,-0.9771300546724299,28.0,0.0,
market,rsi2_reversion,equity_indices,F2008,exit,0.6986048002538432,0.6123309926236518,0.7829599673576506,28.0,0.0,
market,rsi2_reversion,equity_indices,F2008,best_combined,0.029688613618823217,-0.01790110813519391,0.1017059734573606,28.0,5.0,
market,rsi2_reversion,equity_indices,F2018,regime_linearity,-0.29841650726242275,-0.37702027527261806,-0.22356108317300982,28.0,0.0,
market,rsi2_reversion,equity_indices,F2018,meta_label,-0.20545427872723998,-0.2805105345442891,-0.1250033331842274,28.0,0.0,
market,rsi2_reversion,equity_indices,F2018,position_sizing,0.047713808004706704,0.019372013158480805,0.06871758872561162,28.0,0.0,
market,rsi2_reversion,equity_indices,F2018,entry,-1.2083499657990504,-1.259264858919245,-1.0973232928396848,28.0,0.0,
market,rsi2_reversion,equity_indices,F2018,exit,1.2840503134237555,1.0814535845799056,1.3753288923172162,28.0,0.0,
market,rsi2_reversion,equity_indices,F2018,best_combined,-0.15390247936282686,-0.23087592601684748,-0.07526935912553401,28.0,0.0,
market,rsi2_reversion,equity_etfs,F2008,rule_adx,0.09578355535221776,0.06863316868014724,0.12069970483621209,19.0,0.0,
market,rsi2_reversion,equity_etfs,F2018,rule_adx,0.25411873121617756,0.12829997336631815,0.33831837387205194,19.0,0.0,
market,rsi2_reversion,equity_etfs,F2008,regime_linearity,-0.0034992884621244946,-0.07207972619023742,0.029622442255736472,19.0,11.0,
market,rsi2_reversion,equity_etfs,F2008,meta_label,0.26051204900146513,0.20785225444387673,0.3038074780570293,19.0,0.0,
market,rsi2_reversion,equity_etfs,F2008,position_sizing,0.07926792075481355,0.0605290417274965,0.11585175869116342,19.0,0.0,
market,rsi2_reversion,equity_etfs,F2008,entry,-0.6759025930773102,-0.7179834215574502,-0.6181429539554317,19.0,0.0,
market,rsi2_reversion,equity_etfs,F2008,exit,0.707164621470797,0.6325175197544697,0.7380555022028084,19.0,0.0,
market,rsi2_reversion,equity_etfs,F2008,best_combined,0.30241576080267224,0.25494281074849123,0.35115521673904837,19.0,0.0,
market,rsi2_reversion,equity_etfs,F2018,regime_linearity,-0.05912954528083336,-0.11084034751277216,-0.010819721409228378,19.0,0.0,
market,rsi2_reversion,equity_etfs,F2018,meta_label,0.17611640379667737,0.12316916714412007,0.21178335900318646,19.0,0.0,
market,rsi2_reversion,equity_etfs,F2018,position_sizing,0.06850783721106679,0.03260349235786608,0.08417043708444383,19.0,0.0,
market,rsi2_reversion,equity_etfs,F2018,entry,-1.7247635972271669,-1.7913256684762353,-1.5854401888394476,19.0,0.0,
market,rsi2_reversion,equity_etfs,F2018,exit,0.9809371947839354,0.8929262441110714,1.0566168068416664,19.0,0.0,
market,rsi2_reversion,equity_etfs,F2018,best_combined,0.17321302394936233,0.12526709120703072,0.20895249471905564,19.0,0.0,
market,rsi2_reversion,fixed_income,F2008,rule_adx,0.19071230431993563,0.1251710659345815,0.25453819329504973,11.0,0.0,
market,rsi2_reversion,fixed_income,F2018,rule_adx,0.07352121313911364,-0.0067600706456335535,0.2944652826843083,11.0,1.0,
market,rsi2_reversion,fixed_income,F2008,regime_linearity,0.058171704037186134,-0.008520963875972898,0.22779227321803358,11.0,2.0,
market,rsi2_reversion,fixed_income,F2008,meta_label,0.27029924748385203,0.1969360080951896,0.4856028653352362,11.0,0.0,
market,rsi2_reversion,fixed_income,F2008,position_sizing,0.23263340754651046,0.20319757455664678,0.2680154606999263,11.0,0.0,
market,rsi2_reversion,fixed_income,F2008,entry,-0.6849195816287001,-0.9711603793963215,-0.5436604534445764,11.0,0.0,
market,rsi2_reversion,fixed_income,F2008,exit,0.3770893442690872,0.1451973750802194,0.44685481201917054,11.0,0.0,
market,rsi2_reversion,fixed_income,F2008,best_combined,0.30445530009910127,0.2336495804600053,0.5020044554858908,11.0,0.0,
market,rsi2_reversion,fixed_income,F2018,regime_linearity,0.08417047488532714,-0.06781402348102616,0.2742674412893942,11.0,1.0,
market,rsi2_reversion,fixed_income,F2018,meta_label,0.37234514609567015,0.3063250611808571,0.5125199338224806,11.0,0.0,
market,rsi2_reversion,fixed_income,F2018,position_sizing,0.28200106356460736,0.21176590726796352,0.34363325241900117,11.0,0.0,
market,rsi2_reversion,fixed_income,F2018,entry,-0.8187093449085271,-0.9662187770127808,-0.6256458564835374,11.0,0.0,
market,rsi2_reversion,fixed_income,F2018,exit,0.5177524008683629,0.35857908160012186,0.6309450111314514,11.0,0.0,
market,rsi2_reversion,fixed_income,F2018,best_combined,0.40333671362108825,0.3258346528033825,0.5815396312829959,11.0,0.0,
market,rsi2_reversion,commodities,F2008,rule_adx,-0.078924349646331,-0.1665715219993269,-0.011690578139515573,19.0,0.0,
market,rsi2_reversion,commodities,F2018,rule_adx,0.5142730507713456,0.34138445670414486,0.611069098090339,19.0,0.0,
market,rsi2_reversion,commodities,F2008,regime_linearity,-0.3155206215355413,-0.40460676395629036,-0.19801203064378614,19.0,0.0,
market,rsi2_reversion,commodities,F2008,meta_label,0.11462359923151899,-0.04677002561040977,0.26797549639763596,19.0,1.0,
market,rsi2_reversion,commodities,F2008,position_sizing,-0.11071881119069626,-0.13935412677157877,-0.05014646171424075,19.0,0.0,
market,rsi2_reversion,commodities,F2008,entry,-0.8776352845886126,-0.9694118997556606,-0.7126278063468898,19.0,0.0,
market,rsi2_reversion,commodities,F2008,exit,0.6023847309014495,0.4635561144023806,0.7223027046644035,19.0,0.0,
market,rsi2_reversion,commodities,F2008,best_combined,0.09666417949297224,-0.06671457935247593,0.24703869877667728,19.0,2.0,
market,rsi2_reversion,commodities,F2018,regime_linearity,0.39387882536931995,0.2843104709677975,0.5589038872284693,19.0,0.0,
market,rsi2_reversion,commodities,F2018,meta_label,0.6724883457269675,0.5561858206327839,0.7705656363801217,19.0,0.0,
market,rsi2_reversion,commodities,F2018,position_sizing,0.21111572030955283,0.17668068755156807,0.2406462459959211,19.0,0.0,
market,rsi2_reversion,commodities,F2018,entry,-0.3741637689050876,-0.5049690925626336,-0.2217936811840162,19.0,0.0,
market,rsi2_reversion,commodities,F2018,exit,1.2626483386197365,1.1519561227500021,1.407750994551697,19.0,0.0,
market,rsi2_reversion,commodities,F2018,best_combined,0.6818542641250566,0.5651087413594839,0.7856242057771772,19.0,0.0,
market,rsi2_reversion,fx,F2008,rule_adx,-0.1570180602721363,-0.21690808178809773,-0.07452318863255686,18.0,0.0,
market,rsi2_reversion,fx,F2018,rule_adx,0.1726573472881947,0.11163035096443363,0.23449338900792088,18.0,0.0,
market,rsi2_reversion,fx,F2008,regime_linearity,-0.0950876876322706,-0.14835551797965482,0.05538376935663031,17.0,1.0,
market,rsi2_reversion,fx,F2008,meta_label,-0.35177691882682405,-0.4341894878655154,-0.22927591759551785,18.0,0.0,
market,rsi2_reversion,fx,F2008,position_sizing,-0.13624106304748093,-0.1764328556153008,-0.07074770316907836,18.0,0.0,
market,rsi2_reversion,fx,F2008,entry,-1.3993034663535087,-1.527901027401709,-1.1679096518985872,18.0,0.0,
market,rsi2_reversion,fx,F2008,exit,0.6986919931506534,0.532193073110703,0.7960141356535153,18.0,0.0,
market,rsi2_reversion,fx,F2008,best_combined,-0.3519015945767472,-0.43419473203307174,-0.24259129549525127,18.0,0.0,
market,rsi2_reversion,fx,F2018,regime_linearity,-0.13896797804021477,-0.2449145891005916,-0.04110897806046476,18.0,0.0,
market,rsi2_reversion,fx,F2018,meta_label,0.03974162296389794,-0.052677471662709974,0.12015561107879036,18.0,4.0,
market,rsi2_reversion,fx,F2018,position_sizing,0.06794827235154832,0.03648894321284135,0.08556315727131719,18.0,0.0,
market,rsi2_reversion,fx,F2018,entry,-0.3208210015177604,-0.46653813956667867,-0.1772496034251383,18.0,0.0,
market,rsi2_reversion,fx,F2018,exit,0.5933369375889922,0.44148548820976663,0.7448575116688577,18.0,0.0,
market,rsi2_reversion,fx,F2018,best_combined,0.1006445344805269,0.004815497442972938,0.1835563423282463,18.0,0.0,
market,rsi2_reversion,crypto,F2008,rule_adx,0.10694421036446297,0.0,0.4518291574422131,4.0,1.0,
market,rsi2_reversion,crypto,F2018,rule_adx,0.3156635919047493,0.21442118901226637,0.3954586035474482,4.0,0.0,
market,rsi2_reversion,crypto,F2018,regime_linearity,0.08291615241646944,-0.03943231975980327,0.16492920756192744,4.0,1.0,
market,rsi2_reversion,crypto,F2018,position_sizing,0.040612409240497305,0.01590148833058147,0.049428097043560326,4.0,0.0,
market,rsi2_reversion,crypto,F2018,entry,0.09157440839273545,-0.21674197610397078,0.2651095976491862,4.0,1.0,
market,rsi2_reversion,crypto,F2018,exit,0.47999977646746717,0.36337028712729985,0.5159047912782813,4.0,0.0,
market,rsi2_reversion,stocks_us,F2008,rule_adx,0.01830607255579947,-0.02448198666212653,0.07248435049065069,20.0,5.0,
market,rsi2_reversion,stocks_us,F2018,rule_adx,0.33547922086512927,0.20866501135154725,0.4378323823697602,20.0,0.0,
market,rsi2_reversion,stocks_us,F2008,regime_linearity,-0.2659711326948165,-0.31881321656269546,-0.19466427484336923,20.0,0.0,
market,rsi2_reversion,stocks_us,F2008,meta_label,0.17204085092064547,0.1155175329134964,0.2823299201171732,20.0,0.0,
market,rsi2_reversion,stocks_us,F2008,position_sizing,0.12025238636776661,0.08569616280744141,0.1578492622779163,20.0,0.0,
market,rsi2_reversion,stocks_us,F2008,entry,-1.281576912150163,-1.351456908730448,-1.1451710619194828,20.0,0.0,
market,rsi2_reversion,stocks_us,F2008,exit,0.5326079718047214,0.42934467915526286,0.6494187600258527,20.0,0.0,
market,rsi2_reversion,stocks_us,F2008,best_combined,0.16484253936671803,0.1090505857012905,0.26617990612916403,20.0,0.0,
market,rsi2_reversion,stocks_us,F2018,regime_linearity,0.106927629221099,-0.006593035175921913,0.17968921963022455,20.0,1.0,
market,rsi2_reversion,stocks_us,F2018,meta_label,0.4677915502084653,0.3665675039939119,0.525808607578734,20.0,0.0,
market,rsi2_reversion,stocks_us,F2018,position_sizing,0.12944614925519127,0.09379638934189494,0.14189826314049503,20.0,0.0,
market,rsi2_reversion,stocks_us,F2018,entry,-1.424018215454283,-1.5084306004668273,-1.275665499298327,20.0,0.0,
market,rsi2_reversion,stocks_us,F2018,exit,0.8240705720748007,0.6865118472830307,0.9104703531076138,20.0,0.0,
market,rsi2_reversion,stocks_us,F2018,best_combined,0.4871846554291835,0.39012561491032605,0.5461460179814639,20.0,0.0,
market,rsi2_reversion,stocks_intl,F2008,rule_adx,0.2558446379622071,0.19555398025107334,0.2999224224218836,34.0,0.0,
market,rsi2_reversion,stocks_intl,F2018,rule_adx,-0.17454160776568384,-0.24793859259375062,-0.11626526619439526,34.0,0.0,
market,rsi2_reversion,stocks_intl,F2008,regime_linearity,0.20502027063227735,0.15070044990031845,0.264860094331953,34.0,0.0,
market,rsi2_reversion,stocks_intl,F2008,meta_label,0.2300721613141541,0.17581764197242933,0.3339475952387956,34.0,0.0,
market,rsi2_reversion,stocks_intl,F2008,position_sizing,0.13981152368931704,0.11781983014195618,0.16213607218373788,34.0,0.0,
market,rsi2_reversion,stocks_intl,F2008,entry,-1.6220488103084667,-1.6934972192602282,-1.497263574493661,34.0,0.0,
market,rsi2_reversion,stocks_intl,F2008,exit,0.9824594556025891,0.8873775570525426,1.0692424399879523,34.0,0.0,
market,rsi2_reversion,stocks_intl,F2008,best_combined,0.24413410225341203,0.1953401796430711,0.3472860454775498,34.0,0.0,
market,rsi2_reversion,stocks_intl,F2018,regime_linearity,-0.20144136933742907,-0.2684771430980243,-0.14702389932135507,34.0,0.0,
market,rsi2_reversion,stocks_intl,F2018,meta_label,0.5240047714779772,0.40687288328183613,0.5997667054503542,34.0,0.0,
market,rsi2_reversion,stocks_intl,F2018,position_sizing,0.1558458183326663,0.12945827119853148,0.17159615044575893,34.0,0.0,
market,rsi2_reversion,stocks_intl,F2018,entry,-1.9019493063340596,-2.0427364797136445,-1.6979428617980619,34.0,0.0,
market,rsi2_reversion,stocks_intl,F2018,exit,0.7647672613829591,0.6628115725665163,0.8783907288346982,34.0,0.0,
market,rsi2_reversion,stocks_intl,F2018,best_combined,0.5618829846279301,0.44443617319413903,0.6425760288169553,34.0,0.0,
global_minus_market,jma_trend,equity_indices,F2008,rule_adx,-0.3995605170836506,,,,,-0.4290936841445995
global_minus_market,jma_trend,equity_etfs,F2008,rule_adx,-0.3995605170836506,,,,,-0.3611652976416884
global_minus_market,jma_trend,fixed_income,F2008,rule_adx,-0.3995605170836506,,,,,-0.3983966795492265
global_minus_market,jma_trend,commodities,F2008,rule_adx,-0.3995605170836506,,,,,-0.48670193834634845
global_minus_market,jma_trend,fx,F2008,rule_adx,-0.3995605170836506,,,,,-0.41521994174369103
global_minus_market,jma_trend,crypto,F2008,rule_adx,-0.3995605170836506,,,,,-0.5857527914058118
global_minus_market,jma_trend,stocks_us,F2008,rule_adx,-0.3995605170836506,,,,,-0.3556280127665808
global_minus_market,jma_trend,stocks_intl,F2008,rule_adx,-0.3995605170836506,,,,,-0.33567737969022265
global_minus_market,jma_trend,equity_indices,F2018,rule_adx,0.13268459139766353,,,,,0.09892777409396891
global_minus_market,jma_trend,equity_etfs,F2018,rule_adx,0.13268459139766353,,,,,0.1271303766171502
global_minus_market,jma_trend,fixed_income,F2018,rule_adx,0.13268459139766353,,,,,0.1334824934654315
global_minus_market,jma_trend,commodities,F2018,rule_adx,0.13268459139766353,,,,,0.10656867806077186
global_minus_market,jma_trend,fx,F2018,rule_adx,0.13268459139766353,,,,,0.11786285678182207
global_minus_market,jma_trend,crypto,F2018,rule_adx,0.13268459139766353,,,,,-0.4120932576401564
global_minus_market,jma_trend,stocks_us,F2018,rule_adx,0.13268459139766353,,,,,0.16078793051689044
global_minus_market,jma_trend,stocks_intl,F2018,rule_adx,0.13268459139766353,,,,,0.14253568913344683
global_minus_market,jma_trend,equity_indices,F2008,regime_linearity,-0.7839550304646941,,,,,-0.8234437341039365
global_minus_market,jma_trend,equity_etfs,F2008,regime_linearity,-0.7839550304646941,,,,,-0.7167721810196681
global_minus_market,jma_trend,fixed_income,F2008,regime_linearity,-0.7839550304646941,,,,,-0.7771187427262868
global_minus_market,jma_trend,commodities,F2008,regime_linearity,-0.7839550304646941,,,,,-0.8710307476205075
global_minus_market,jma_trend,fx,F2008,regime_linearity,-0.7839550304646941,,,,,-0.7321986958218129
global_minus_market,jma_trend,stocks_us,F2008,regime_linearity,-0.7839550304646941,,,,,-0.7072524513646169
global_minus_market,jma_trend,stocks_intl,F2008,regime_linearity,-0.7839550304646941,,,,,-0.783799294292699
global_minus_market,jma_trend,equity_indices,F2008,meta_label,-0.559364780866265,,,,,-0.6032137639905127
global_minus_market,jma_trend,equity_etfs,F2008,meta_label,-0.559364780866265,,,,,-0.5832646637855499
global_minus_market,jma_trend,fixed_income,F2008,meta_label,-0.559364780866265,,,,,-0.5559664500652383
global_minus_market,jma_trend,commodities,F2008,meta_label,-0.559364780866265,,,,,-0.6432545853423324
global_minus_market,jma_trend,fx,F2008,meta_label,-0.559364780866265,,,,,-0.46564659482720155
global_minus_market,jma_trend,stocks_us,F2008,meta_label,-0.559364780866265,,,,,-0.5229751254100056
global_minus_market,jma_trend,stocks_intl,F2008,meta_label,-0.559364780866265,,,,,-0.49399631211241857
global_minus_market,jma_trend,equity_indices,F2008,position_sizing,-0.4051517730213455,,,,,-0.36947967918443353
global_minus_market,jma_trend,equity_etfs,F2008,position_sizing,-0.4051517730213455,,,,,-0.4249080512849521
global_minus_market,jma_trend,fixed_income,F2008,position_sizing,-0.4051517730213455,,,,,-0.3999014139567692
global_minus_market,jma_trend,commodities,F2008,position_sizing,-0.4051517730213455,,,,,-0.4017825779487118
global_minus_market,jma_trend,fx,F2008,position_sizing,-0.4051517730213455,,,,,-0.38218844733447305
global_minus_market,jma_trend,stocks_us,F2008,position_sizing,-0.4051517730213455,,,,,-0.46778824467843416
global_minus_market,jma_trend,stocks_intl,F2008,position_sizing,-0.4051517730213455,,,,,-0.404024036271539
global_minus_market,jma_trend,equity_indices,F2008,entry,-0.8082880727621246,,,,,-0.9219443370959977
global_minus_market,jma_trend,equity_etfs,F2008,entry,-0.8082880727621246,,,,,-0.8313008516452388
global_minus_market,jma_trend,fixed_income,F2008,entry,-0.8082880727621246,,,,,-0.7976329978609082
global_minus_market,jma_trend,commodities,F2008,entry,-0.8082880727621246,,,,,-0.8772453423070142
global_minus_market,jma_trend,fx,F2008,entry,-0.8082880727621246,,,,,-0.8170113730196121
global_minus_market,jma_trend,stocks_us,F2008,entry,-0.8082880727621246,,,,,-0.767679408244158
global_minus_market,jma_trend,stocks_intl,F2008,entry,-0.8082880727621246,,,,,-0.6013151882079839
global_minus_market,jma_trend,equity_indices,F2008,exit,-1.134202313904297,,,,,-1.2471799319024919
global_minus_market,jma_trend,equity_etfs,F2008,exit,-1.134202313904297,,,,,-1.1253284340873
global_minus_market,jma_trend,fixed_income,F2008,exit,-1.134202313904297,,,,,-1.0995763052934038
global_minus_market,jma_trend,commodities,F2008,exit,-1.134202313904297,,,,,-1.279027567937001
global_minus_market,jma_trend,fx,F2008,exit,-1.134202313904297,,,,,-1.1005924109389271
global_minus_market,jma_trend,stocks_us,F2008,exit,-1.134202313904297,,,,,-1.0291718835970984
global_minus_market,jma_trend,stocks_intl,F2008,exit,-1.134202313904297,,,,,-0.8792786725507666
global_minus_market,jma_trend,equity_indices,F2008,best_combined,-0.550929743930204,,,,,-0.5990585356681136
global_minus_market,jma_trend,equity_etfs,F2008,best_combined,-0.550929743930204,,,,,-0.5699769986535468
global_minus_market,jma_trend,fixed_income,F2008,best_combined,-0.550929743930204,,,,,-0.5501116311730578
global_minus_market,jma_trend,commodities,F2008,best_combined,-0.550929743930204,,,,,-0.6330637906325702
global_minus_market,jma_trend,fx,F2008,best_combined,-0.550929743930204,,,,,-0.4550591576675431
global_minus_market,jma_trend,stocks_us,F2008,best_combined,-0.550929743930204,,,,,-0.5171479343096479
global_minus_market,jma_trend,stocks_intl,F2008,best_combined,-0.550929743930204,,,,,-0.4880143463467739
global_minus_market,jma_trend,equity_indices,F2018,regime_linearity,-0.053657627090092086,,,,,-0.04681680595392679
global_minus_market,jma_trend,equity_etfs,F2018,regime_linearity,-0.053657627090092086,,,,,-0.047602492416847164
global_minus_market,jma_trend,fixed_income,F2018,regime_linearity,-0.053657627090092086,,,,,-0.05897047125255056
global_minus_market,jma_trend,commodities,F2018,regime_linearity,-0.053657627090092086,,,,,-0.06666695890274038
global_minus_market,jma_trend,fx,F2018,regime_linearity,-0.053657627090092086,,,,,-0.05097743189411125
global_minus_market,jma_trend,crypto,F2018,regime_linearity,-0.053657627090092086,,,,,-0.4702109180198113
global_minus_market,jma_trend,stocks_us,F2018,regime_linearity,-0.053657627090092086,,,,,-0.013184074455088513
global_minus_market,jma_trend,stocks_intl,F2018,regime_linearity,-0.053657627090092086,,,,,-0.08925464873654365
global_minus_market,jma_trend,equity_indices,F2018,meta_label,0.3109504572380548,,,,,0.2917232142572195
global_minus_market,jma_trend,equity_etfs,F2018,meta_label,0.3109504572380548,,,,,0.31199386077378277
global_minus_market,jma_trend,fixed_income,F2018,meta_label,0.3109504572380548,,,,,0.3096840861007357
global_minus_market,jma_trend,commodities,F2018,meta_label,0.3109504572380548,,,,,0.2951724148197902
global_minus_market,jma_trend,fx,F2018,meta_label,0.3109504572380548,,,,,0.3140980157557035
global_minus_market,jma_trend,crypto,F2018,meta_label,0.3109504572380548,,,,,-0.1832988861065754
global_minus_market,jma_trend,stocks_us,F2018,meta_label,0.3109504572380548,,,,,0.336228157080114
global_minus_market,jma_trend,stocks_intl,F2018,meta_label,0.3109504572380548,,,,,0.3281966317471716
global_minus_market,jma_trend,equity_indices,F2018,position_sizing,0.07545821079133042,,,,,0.06852746939538523
global_minus_market,jma_trend,equity_etfs,F2018,position_sizing,0.07545821079133042,,,,,0.07802459382279059
global_minus_market,jma_trend,fixed_income,F2018,position_sizing,0.07545821079133042,,,,,0.07303971601667225
global_minus_market,jma_trend,commodities,F2018,position_sizing,0.07545821079133042,,,,,0.06926196202620782
global_minus_market,jma_trend,fx,F2018,position_sizing,0.07545821079133042,,,,,0.07546093019661904
global_minus_market,jma_trend,crypto,F2018,position_sizing,0.07545821079133042,,,,,0.003604971391525158
global_minus_market,jma_trend,stocks_us,F2018,position_sizing,0.07545821079133042,,,,,0.09320673145051417
global_minus_market,jma_trend,stocks_intl,F2018,position_sizing,0.07545821079133042,,,,,0.07634737108644296
global_minus_market,jma_trend,equity_indices,F2018,entry,-0.2572794647409016,,,,,-0.2858198213657259
global_minus_market,jma_trend,equity_etfs,F2018,entry,-0.2572794647409016,,,,,-0.23206587947885327
global_minus_market,jma_trend,fixed_income,F2018,entry,-0.2572794647409016,,,,,-0.2685079433334442
global_minus_market,jma_trend,commodities,F2018,entry,-0.2572794647409016,,,,,-0.30212135998154754
global_minus_market,jma_trend,fx,F2018,entry,-0.2572794647409016,,,,,-0.29758994796962884
global_minus_market,jma_trend,crypto,F2018,entry,-0.2572794647409016,,,,,-1.2748623739508482
global_minus_market,jma_trend,stocks_us,F2018,entry,-0.2572794647409016,,,,,-0.1833039015581882
global_minus_market,jma_trend,stocks_intl,F2018,entry,-0.2572794647409016,,,,,-0.22725566545145703
global_minus_market,jma_trend,equity_indices,F2018,exit,-0.4423117456338085,,,,,-0.4688229760174384
global_minus_market,jma_trend,equity_etfs,F2018,exit,-0.4423117456338085,,,,,-0.44438836931255915
global_minus_market,jma_trend,fixed_income,F2018,exit,-0.4423117456338085,,,,,-0.44292325206948874
global_minus_market,jma_trend,commodities,F2018,exit,-0.4423117456338085,,,,,-0.4929457671594243
global_minus_market,jma_trend,fx,F2018,exit,-0.4423117456338085,,,,,-0.4633204993635779
global_minus_market,jma_trend,crypto,F2018,exit,-0.4423117456338085,,,,,-1.0841319925287354
global_minus_market,jma_trend,stocks_us,F2018,exit,-0.4423117456338085,,,,,-0.38396648755510643
global_minus_market,jma_trend,stocks_intl,F2018,exit,-0.4423117456338085,,,,,-0.38557593944249396
global_minus_market,jma_trend,equity_indices,F2018,best_combined,0.2776345836425157,,,,,0.2607860566410626
global_minus_market,jma_trend,equity_etfs,F2018,best_combined,0.2776345836425157,,,,,0.2777616547801094
global_minus_market,jma_trend,fixed_income,F2018,best_combined,0.2776345836425157,,,,,0.2761658451522939
global_minus_market,jma_trend,commodities,F2018,best_combined,0.2776345836425157,,,,,0.2602096075775304
global_minus_market,jma_trend,fx,F2018,best_combined,0.2776345836425157,,,,,0.2776345143408485
global_minus_market,jma_trend,crypto,F2018,best_combined,0.2776345836425157,,,,,-0.1672155128099203
global_minus_market,jma_trend,stocks_us,F2018,best_combined,0.2776345836425157,,,,,0.30179015913837837
global_minus_market,jma_trend,stocks_intl,F2018,best_combined,0.2776345836425157,,,,,0.2996803480989779
global_minus_market,sma_cross,equity_indices,F2008,rule_adx,-0.11277698415634169,,,,,-0.08484643588190018
global_minus_market,sma_cross,equity_etfs,F2008,rule_adx,-0.11277698415634169,,,,,-0.1422666312608214
global_minus_market,sma_cross,fixed_income,F2008,rule_adx,-0.11277698415634169,,,,,-0.11678711936731866
global_minus_market,sma_cross,commodities,F2008,rule_adx,-0.11277698415634169,,,,,-0.07382870466692859
global_minus_market,sma_cross,fx,F2008,rule_adx,-0.11277698415634169,,,,,-0.12778058543011078
global_minus_market,sma_cross,crypto,F2008,rule_adx,-0.11277698415634169,,,,,-0.1134983631635964
global_minus_market,sma_cross,stocks_us,F2008,rule_adx,-0.11277698415634169,,,,,-0.13633743022788958
global_minus_market,sma_cross,stocks_intl,F2008,rule_adx,-0.11277698415634169,,,,,-0.10944699048792957
global_minus_market,sma_cross,equity_indices,F2018,rule_adx,-0.07444110479133273,,,,,-0.0703367703599026
global_minus_market,sma_cross,equity_etfs,F2018,rule_adx,-0.07444110479133273,,,,,-0.07185023713201788
global_minus_market,sma_cross,fixed_income,F2018,rule_adx,-0.07444110479133273,,,,,-0.06925971202002384
global_minus_market,sma_cross,commodities,F2018,rule_adx,-0.07444110479133273,,,,,-0.09094101421987666
global_minus_market,sma_cross,fx,F2018,rule_adx,-0.07444110479133273,,,,,-0.07487889126314817
global_minus_market,sma_cross,crypto,F2018,rule_adx,-0.07444110479133273,,,,,0.10354944417164552
global_minus_market,sma_cross,stocks_us,F2018,rule_adx,-0.07444110479133273,,,,,-0.08852381283211197
global_minus_market,sma_cross,stocks_intl,F2018,rule_adx,-0.07444110479133273,,,,,-0.05092115364317576
global_minus_market,sma_cross,equity_indices,F2008,regime_linearity,0.11217466769553175,,,,,0.1285726716867783
global_minus_market,sma_cross,equity_etfs,F2008,regime_linearity,0.11217466769553175,,,,,0.12376236181174863
global_minus_market,sma_cross,fixed_income,F2008,regime_linearity,0.11217466769553175,,,,,0.11587062210238984
global_minus_market,sma_cross,commodities,F2008,regime_linearity,0.11217466769553175,,,,,0.04579590758000707
global_minus_market,sma_cross,fx,F2008,regime_linearity,0.11217466769553175,,,,,0.15720371049404405
global_minus_market,sma_cross,stocks_us,F2008,regime_linearity,0.11217466769553175,,,,,0.07307560059461209
global_minus_market,sma_cross,stocks_intl,F2008,regime_linearity,0.11217466769553175,,,,,0.14197982336361625
global_minus_market,sma_cross,equity_indices,F2008,meta_label,-0.027576944498722597,,,,,-0.06731978871025056
global_minus_market,sma_cross,equity_etfs,F2008,meta_label,-0.027576944498722597,,,,,-0.1378056132173004
global_minus_market,sma_cross,fixed_income,F2008,meta_label,-0.027576944498722597,,,,,-0.05982023341921219
global_minus_market,sma_cross,commodities,F2008,meta_label,-0.027576944498722597,,,,,0.12995249734179778
global_minus_market,sma_cross,fx,F2008,meta_label,-0.027576944498722597,,,,,-0.06298698446421125
global_minus_market,sma_cross,stocks_us,F2008,meta_label,-0.027576944498722597,,,,,0.019336452694805745
global_minus_market,sma_cross,stocks_intl,F2008,meta_label,-0.027576944498722597,,,,,-0.003476849933734788
global_minus_market,sma_cross,equity_indices,F2008,position_sizing,0.030671742914727775,,,,,0.05205129631945267
global_minus_market,sma_cross,equity_etfs,F2008,position_sizing,0.030671742914727775,,,,,0.008973452978759303
global_minus_market,sma_cross,fixed_income,F2008,position_sizing,0.030671742914727775,,,,,0.029500753658551402
global_minus_market,sma_cross,commodities,F2008,position_sizing,0.030671742914727775,,,,,0.05712272866786551
global_minus_market,sma_cross,fx,F2008,position_sizing,0.030671742914727775,,,,,0.01374792236851155
global_minus_market,sma_cross,stocks_us,F2008,position_sizing,0.030671742914727775,,,,,0.04644434281185861
global_minus_market,sma_cross,stocks_intl,F2008,position_sizing,0.030671742914727775,,,,,0.00434277212806361
global_minus_market,sma_cross,equity_indices,F2008,entry,-0.026952490788679197,,,,,-0.07170118562526866
global_minus_market,sma_cross,equity_etfs,F2008,entry,-0.026952490788679197,,,,,-0.06950005167147033
global_minus_market,sma_cross,fixed_income,F2008,entry,-0.026952490788679197,,,,,-0.01901115496418665
global_minus_market,sma_cross,commodities,F2008,entry,-0.026952490788679197,,,,,-0.020697861709833627
global_minus_market,sma_cross,fx,F2008,entry,-0.026952490788679197,,,,,-0.09941592657176314
global_minus_market,sma_cross,stocks_us,F2008,entry,-0.026952490788679197,,,,,-0.037440517832428986
global_minus_market,sma_cross,stocks_intl,F2008,entry,-0.026952490788679197,,,,,0.09146017945353972
global_minus_market,sma_cross,equity_indices,F2008,exit,-0.2204771253164966,,,,,-0.20463848618754818
global_minus_market,sma_cross,equity_etfs,F2008,exit,-0.2204771253164966,,,,,-0.28347883285584813
global_minus_market,sma_cross,fixed_income,F2008,exit,-0.2204771253164966,,,,,-0.19537238289822775
global_minus_market,sma_cross,commodities,F2008,exit,-0.2204771253164966,,,,,-0.23669083507604743
global_minus_market,sma_cross,fx,F2008,exit,-0.2204771253164966,,,,,-0.2330768971555619
global_minus_market,sma_cross,stocks_us,F2008,exit,-0.2204771253164966,,,,,-0.13821367847925656
global_minus_market,sma_cross,stocks_intl,F2008,exit,-0.2204771253164966,,,,,-0.16881694364688604
global_minus_market,sma_cross,equity_indices,F2008,best_combined,-0.023073852044677566,,,,,-0.054539517500799994
global_minus_market,sma_cross,equity_etfs,F2008,best_combined,-0.023073852044677566,,,,,-0.13631325971183958
global_minus_market,sma_cross,fixed_income,F2008,best_combined,-0.023073852044677566,,,,,-0.056350176428722684
global_minus_market,sma_cross,commodities,F2008,best_combined,-0.023073852044677566,,,,,0.13150305235703633
global_minus_market,sma_cross,fx,F2008,best_combined,-0.023073852044677566,,,,,-0.05216329796112377
global_minus_market,sma_cross,stocks_us,F2008,best_combined,-0.023073852044677566,,,,,0.012093748749334658
global_minus_market,sma_cross,stocks_intl,F2008,best_combined,-0.023073852044677566,,,,,-0.0028204109912114833
global_minus_market,sma_cross,equity_indices,F2018,regime_linearity,0.27093505892210135,,,,,0.256645632957428
global_minus_market,sma_cross,equity_etfs,F2018,regime_linearity,0.27093505892210135,,,,,0.2646876568632817
global_minus_market,sma_cross,fixed_income,F2018,regime_linearity,0.27093505892210135,,,,,0.27721027000195114
global_minus_market,sma_cross,commodities,F2018,regime_linearity,0.27093505892210135,,,,,0.2959942504654258
global_minus_market,sma_cross,fx,F2018,regime_linearity,0.27093505892210135,,,,,0.26760322485963395
global_minus_market,sma_cross,crypto,F2018,regime_linearity,0.27093505892210135,,,,,0.12745190778254847
global_minus_market,sma_cross,stocks_us,F2018,regime_linearity,0.27093505892210135,,,,,0.23608357809356695
global_minus_market,sma_cross,stocks_intl,F2018,regime_linearity,0.27093505892210135,,,,,0.28339310081813196
global_minus_market,sma_cross,equity_indices,F2018,meta_label,0.09861623026161717,,,,,0.09098359648401994
global_minus_market,sma_cross,equity_etfs,F2018,meta_label,0.09861623026161717,,,,,0.09597780530803807
global_minus_market,sma_cross,fixed_income,F2018,meta_label,0.09861623026161717,,,,,0.10552431378333224
global_minus_market,sma_cross,commodities,F2018,meta_label,0.09861623026161717,,,,,0.13102875576944734
global_minus_market,sma_cross,fx,F2018,meta_label,0.09861623026161717,,,,,0.09973645787672963
global_minus_market,sma_cross,crypto,F2018,meta_label,0.09861623026161717,,,,,0.24630193818499937
global_minus_market,sma_cross,stocks_us,F2018,meta_label,0.09861623026161717,,,,,0.06597374590119727
global_minus_market,sma_cross,stocks_intl,F2018,meta_label,0.09861623026161717,,,,,0.0893800315300023
global_minus_market,sma_cross,equity_indices,F2018,position_sizing,0.041405158374365314,,,,,0.04620829212242071
global_minus_market,sma_cross,equity_etfs,F2018,position_sizing,0.041405158374365314,,,,,0.04195646027156022
global_minus_market,sma_cross,fixed_income,F2018,position_sizing,0.041405158374365314,,,,,0.045894393850738804
global_minus_market,sma_cross,commodities,F2018,position_sizing,0.041405158374365314,,,,,0.05397472554668947
global_minus_market,sma_cross,fx,F2018,position_sizing,0.041405158374365314,,,,,0.043565849353407696
global_minus_market,sma_cross,crypto,F2018,position_sizing,0.041405158374365314,,,,,0.08749981148285779
global_minus_market,sma_cross,stocks_us,F2018,position_sizing,0.041405158374365314,,,,,0.02191514704629738
global_minus_market,sma_cross,stocks_intl,F2018,position_sizing,0.041405158374365314,,,,,0.03075695470167991
global_minus_market,sma_cross,equity_indices,F2018,entry,0.6499443486864993,,,,,0.6318146390705485
global_minus_market,sma_cross,equity_etfs,F2018,entry,0.6499443486864993,,,,,0.6667445600777413
global_minus_market,sma_cross,fixed_income,F2018,entry,0.6499443486864993,,,,,0.6509961068116102
global_minus_market,sma_cross,commodities,F2018,entry,0.6499443486864993,,,,,0.6384703096357689
global_minus_market,sma_cross,fx,F2018,entry,0.6499443486864993,,,,,0.6260558584084029
global_minus_market,sma_cross,crypto,F2018,entry,0.6499443486864993,,,,,-0.18712849207705262
global_minus_market,sma_cross,stocks_us,F2018,entry,0.6499443486864993,,,,,0.6492754429797765
global_minus_market,sma_cross,stocks_intl,F2018,entry,0.6499443486864993,,,,,0.6784497770647255
global_minus_market,sma_cross,equity_indices,F2018,exit,0.22143518026453657,,,,,0.19614412512648877
global_minus_market,sma_cross,equity_etfs,F2018,exit,0.22143518026453657,,,,,0.2057929310830998
global_minus_market,sma_cross,fixed_income,F2018,exit,0.22143518026453657,,,,,0.23432166182214592
global_minus_market,sma_cross,commodities,F2018,exit,0.22143518026453657,,,,,0.2356828097114839
global_minus_market,sma_cross,fx,F2018,exit,0.22143518026453657,,,,,0.2148634073922519
global_minus_market,sma_cross,crypto,F2018,exit,0.22143518026453657,,,,,0.18009066376654054
global_minus_market,sma_cross,stocks_us,F2018,exit,0.22143518026453657,,,,,0.19220903853268087
global_minus_market,sma_cross,stocks_intl,F2018,exit,0.22143518026453657,,,,,0.2568204553216515
global_minus_market,sma_cross,equity_indices,F2018,best_combined,0.09370275221707458,,,,,0.0853701145045912
global_minus_market,sma_cross,equity_etfs,F2018,best_combined,0.09370275221707458,,,,,0.08906228154066306
global_minus_market,sma_cross,fixed_income,F2018,best_combined,0.09370275221707458,,,,,0.09986184337839585
global_minus_market,sma_cross,commodities,F2018,best_combined,0.09370275221707458,,,,,0.1344175446150902
global_minus_market,sma_cross,fx,F2018,best_combined,0.09370275221707458,,,,,0.09542970162598544
global_minus_market,sma_cross,crypto,F2018,best_combined,0.09370275221707458,,,,,0.2479085342260196
global_minus_market,sma_cross,stocks_us,F2018,best_combined,0.09370275221707458,,,,,0.05890734605414212
global_minus_market,sma_cross,stocks_intl,F2018,best_combined,0.09370275221707458,,,,,0.08072370503918154
global_minus_market,donchian,equity_indices,F2008,rule_adx,-0.04383564912879026,,,,,-0.027416692002730253
global_minus_market,donchian,equity_etfs,F2008,rule_adx,-0.04383564912879026,,,,,-0.0313827200179741
global_minus_market,donchian,fixed_income,F2008,rule_adx,-0.04383564912879026,,,,,-0.04759697313251254
global_minus_market,donchian,commodities,F2008,rule_adx,-0.04383564912879026,,,,,-0.04499760482237186
global_minus_market,donchian,fx,F2008,rule_adx,-0.04383564912879026,,,,,-0.04386485063276335
global_minus_market,donchian,crypto,F2008,rule_adx,-0.04383564912879026,,,,,-0.10558656755381635
global_minus_market,donchian,stocks_us,F2008,rule_adx,-0.04383564912879026,,,,,-0.019895680452656883
global_minus_market,donchian,stocks_intl,F2008,rule_adx,-0.04383564912879026,,,,,-0.08569183182440288
global_minus_market,donchian,equity_indices,F2018,rule_adx,0.006312715827114901,,,,,0.0024257257542107946
global_minus_market,donchian,equity_etfs,F2018,rule_adx,0.006312715827114901,,,,,0.007669656635100275
global_minus_market,donchian,fixed_income,F2018,rule_adx,0.006312715827114901,,,,,0.006550191245634718
global_minus_market,donchian,commodities,F2018,rule_adx,0.006312715827114901,,,,,0.020398667671453152
global_minus_market,donchian,fx,F2018,rule_adx,0.006312715827114901,,,,,-0.00865816349922749
global_minus_market,donchian,crypto,F2018,rule_adx,0.006312715827114901,,,,,-0.04631921752035223
global_minus_market,donchian,stocks_us,F2018,rule_adx,0.006312715827114901,,,,,-0.00746386025433371
global_minus_market,donchian,stocks_intl,F2018,rule_adx,0.006312715827114901,,,,,0.007793270177718026
global_minus_market,donchian,equity_indices,F2008,regime_linearity,-0.32325272034961366,,,,,-0.321517098322062
global_minus_market,donchian,equity_etfs,F2008,regime_linearity,-0.32325272034961366,,,,,-0.26223153458290666
global_minus_market,donchian,fixed_income,F2008,regime_linearity,-0.32325272034961366,,,,,-0.30168714169335964
global_minus_market,donchian,commodities,F2008,regime_linearity,-0.32325272034961366,,,,,-0.34070177588002704
global_minus_market,donchian,fx,F2008,regime_linearity,-0.32325272034961366,,,,,-0.2831605312508717
global_minus_market,donchian,stocks_us,F2008,regime_linearity,-0.32325272034961366,,,,,-0.3757675798473704
global_minus_market,donchian,stocks_intl,F2008,regime_linearity,-0.32325272034961366,,,,,-0.3744304691319689
global_minus_market,donchian,equity_indices,F2008,meta_label,-0.14986967518088748,,,,,-0.1604072963936714
global_minus_market,donchian,equity_etfs,F2008,meta_label,-0.14986967518088748,,,,,-0.16769494450417413
global_minus_market,donchian,fixed_income,F2008,meta_label,-0.14986967518088748,,,,,-0.13881378489519902
global_minus_market,donchian,commodities,F2008,meta_label,-0.14986967518088748,,,,,-0.1627703954548099
global_minus_market,donchian,fx,F2008,meta_label,-0.14986967518088748,,,,,-0.10098241382317641
global_minus_market,donchian,stocks_us,F2008,meta_label,-0.14986967518088748,,,,,-0.1458687427402261
global_minus_market,donchian,stocks_intl,F2008,meta_label,-0.14986967518088748,,,,,-0.19073328699141184
global_minus_market,donchian,equity_indices,F2008,position_sizing,-0.21972751917021727,,,,,-0.23887312933853555
global_minus_market,donchian,equity_etfs,F2008,position_sizing,-0.21972751917021727,,,,,-0.2708718268202359
global_minus_market,donchian,fixed_income,F2008,position_sizing,-0.21972751917021727,,,,,-0.2074427469365499
global_minus_market,donchian,commodities,F2008,position_sizing,-0.21972751917021727,,,,,-0.21503663464765846
global_minus_market,donchian,fx,F2008,position_sizing,-0.21972751917021727,,,,,-0.17994763408220216
global_minus_market,donchian,stocks_us,F2008,position_sizing,-0.21972751917021727,,,,,-0.23722791807945948
global_minus_market,donchian,stocks_intl,F2008,position_sizing,-0.21972751917021727,,,,,-0.20317418726893113
global_minus_market,donchian,equity_indices,F2008,entry,-0.42214416442955277,,,,,-0.46782233297480413
global_minus_market,donchian,equity_etfs,F2008,entry,-0.42214416442955277,,,,,-0.4414096903877175
global_minus_market,donchian,fixed_income,F2008,entry,-0.42214416442955277,,,,,-0.41354736581728
global_minus_market,donchian,commodities,F2008,entry,-0.42214416442955277,,,,,-0.47241628093842103
global_minus_market,donchian,fx,F2008,entry,-0.42214416442955277,,,,,-0.4541090788854058
global_minus_market,donchian,stocks_us,F2008,entry,-0.42214416442955277,,,,,-0.44403386436218684
global_minus_market,donchian,stocks_intl,F2008,entry,-0.42214416442955277,,,,,-0.28955326336147785
global_minus_market,donchian,equity_indices,F2008,exit,-0.577902087589454,,,,,-0.6919818847480106
global_minus_market,donchian,equity_etfs,F2008,exit,-0.577902087589454,,,,,-0.6256788328600429
global_minus_market,donchian,fixed_income,F2008,exit,-0.577902087589454,,,,,-0.5446964769118328
global_minus_market,donchian,commodities,F2008,exit,-0.577902087589454,,,,,-0.6513730608601064
global_minus_market,donchian,fx,F2008,exit,-0.577902087589454,,,,,-0.5236271596462446
global_minus_market,donchian,stocks_us,F2008,exit,-0.577902087589454,,,,,-0.5617249561523374
global_minus_market,donchian,stocks_intl,F2008,exit,-0.577902087589454,,,,,-0.4106054842985698
global_minus_market,donchian,equity_indices,F2008,best_combined,-0.13075884972476823,,,,,-0.14643435842375982
global_minus_market,donchian,equity_etfs,F2008,best_combined,-0.13075884972476823,,,,,-0.14649523736480186
global_minus_market,donchian,fixed_income,F2008,best_combined,-0.13075884972476823,,,,,-0.12047032492356602
global_minus_market,donchian,commodities,F2008,best_combined,-0.13075884972476823,,,,,-0.13897530363693783
global_minus_market,donchian,fx,F2008,best_combined,-0.13075884972476823,,,,,-0.0819073555622733
global_minus_market,donchian,stocks_us,F2008,best_combined,-0.13075884972476823,,,,,-0.13186238251144364
global_minus_market,donchian,stocks_intl,F2008,best_combined,-0.13075884972476823,,,,,-0.16900984080529374
global_minus_market,donchian,equity_indices,F2018,regime_linearity,-0.06712758409294917,,,,,-0.057425380147963834
global_minus_market,donchian,equity_etfs,F2018,regime_linearity,-0.06712758409294917,,,,,-0.07412364687600875
global_minus_market,donchian,fixed_income,F2018,regime_linearity,-0.06712758409294917,,,,,-0.06234424923453119
global_minus_market,donchian,commodities,F2018,regime_linearity,-0.06712758409294917,,,,,-0.0633298566775623
global_minus_market,donchian,fx,F2018,regime_linearity,-0.06712758409294917,,,,,-0.05340452846742527
global_minus_market,donchian,crypto,F2018,regime_linearity,-0.06712758409294917,,,,,0.05225124524890443
global_minus_market,donchian,stocks_us,F2018,regime_linearity,-0.06712758409294917,,,,,-0.08296679512007976
global_minus_market,donchian,stocks_intl,F2018,regime_linearity,-0.06712758409294917,,,,,-0.07648005191665108
global_minus_market,donchian,equity_indices,F2018,meta_label,0.1870824448488097,,,,,0.18335768062971136
global_minus_market,donchian,equity_etfs,F2018,meta_label,0.1870824448488097,,,,,0.1716735113711078
global_minus_market,donchian,fixed_income,F2018,meta_label,0.1870824448488097,,,,,0.1951767504763962
global_minus_market,donchian,commodities,F2018,meta_label,0.1870824448488097,,,,,0.19121812360151919
global_minus_market,donchian,fx,F2018,meta_label,0.1870824448488097,,,,,0.2014941795966802
global_minus_market,donchian,crypto,F2018,meta_label,0.1870824448488097,,,,,0.4101761599042836
global_minus_market,donchian,stocks_us,F2018,meta_label,0.1870824448488097,,,,,0.16479604525868402
global_minus_market,donchian,stocks_intl,F2018,meta_label,0.1870824448488097,,,,,0.201422315289499
global_minus_market,donchian,equity_indices,F2018,position_sizing,0.16487972730551564,,,,,0.16818448245054862
global_minus_market,donchian,equity_etfs,F2018,position_sizing,0.16487972730551564,,,,,0.15905304956570981
global_minus_market,donchian,fixed_income,F2018,position_sizing,0.16487972730551564,,,,,0.1686846211996586
global_minus_market,donchian,commodities,F2018,position_sizing,0.16487972730551564,,,,,0.16865922233831415
global_minus_market,donchian,fx,F2018,position_sizing,0.16487972730551564,,,,,0.17621571022339483
global_minus_market,donchian,crypto,F2018,position_sizing,0.16487972730551564,,,,,0.11295504944580059
global_minus_market,donchian,stocks_us,F2018,position_sizing,0.16487972730551564,,,,,0.15591942483640625
global_minus_market,donchian,stocks_intl,F2018,position_sizing,0.16487972730551564,,,,,0.16670421346173053
global_minus_market,donchian,equity_indices,F2018,entry,-0.21623543325568012,,,,,-0.22112263653395797
global_minus_market,donchian,equity_etfs,F2018,entry,-0.21623543325568012,,,,,-0.2004107890841222
global_minus_market,donchian,fixed_income,F2018,entry,-0.21623543325568012,,,,,-0.2140839252090084
global_minus_market,donchian,commodities,F2018,entry,-0.21623543325568012,,,,,-0.23752065107092782
global_minus_market,donchian,fx,F2018,entry,-0.21623543325568012,,,,,-0.23125457373508027
global_minus_market,donchian,crypto,F2018,entry,-0.21623543325568012,,,,,-0.36047802122865935
global_minus_market,donchian,stocks_us,F2018,entry,-0.21623543325568012,,,,,-0.19725189474953747
global_minus_market,donchian,stocks_intl,F2018,entry,-0.21623543325568012,,,,,-0.20301443516248593
global_minus_market,donchian,equity_indices,F2018,exit,-0.06735400085857829,,,,,-0.07033555103561745
global_minus_market,donchian,equity_etfs,F2018,exit,-0.06735400085857829,,,,,-0.06552959041851625
global_minus_market,donchian,fixed_income,F2018,exit,-0.06735400085857829,,,,,-0.05915667568292249
global_minus_market,donchian,commodities,F2018,exit,-0.06735400085857829,,,,,-0.09266819759675804
global_minus_market,donchian,fx,F2018,exit,-0.06735400085857829,,,,,-0.05638515966465574
global_minus_market,donchian,crypto,F2018,exit,-0.06735400085857829,,,,,0.002565319080220757
global_minus_market,donchian,stocks_us,F2018,exit,-0.06735400085857829,,,,,-0.07938523515109513
global_minus_market,donchian,stocks_intl,F2018,exit,-0.06735400085857829,,,,,-0.050569998238477465
global_minus_market,donchian,equity_indices,F2018,best_combined,0.2125332515497363,,,,,0.21253422257762045
global_minus_market,donchian,equity_etfs,F2018,best_combined,0.2125332515497363,,,,,0.19983330266082394
global_minus_market,donchian,fixed_income,F2018,best_combined,0.2125332515497363,,,,,0.22176086561457514
global_minus_market,donchian,commodities,F2018,best_combined,0.2125332515497363,,,,,0.21325172444649915
global_minus_market,donchian,fx,F2018,best_combined,0.2125332515497363,,,,,0.2272050346845958
global_minus_market,donchian,crypto,F2018,best_combined,0.2125332515497363,,,,,0.46205949786382994
global_minus_market,donchian,stocks_us,F2018,best_combined,0.2125332515497363,,,,,0.18981905333134935
global_minus_market,donchian,stocks_intl,F2018,best_combined,0.2125332515497363,,,,,0.22191565034936228
global_minus_market,ts_momentum,equity_indices,F2008,rule_adx,0.07390172359166472,,,,,0.035056813788391594
global_minus_market,ts_momentum,equity_etfs,F2008,rule_adx,0.07390172359166472,,,,,0.10841252947528163
global_minus_market,ts_momentum,fixed_income,F2008,rule_adx,0.07390172359166472,,,,,0.06758348127050122
global_minus_market,ts_momentum,commodities,F2008,rule_adx,0.07390172359166472,,,,,0.1148900484609545
global_minus_market,ts_momentum,fx,F2008,rule_adx,0.07390172359166472,,,,,0.0830148069463195
global_minus_market,ts_momentum,crypto,F2008,rule_adx,0.07390172359166472,,,,,0.07388179880835502
global_minus_market,ts_momentum,stocks_us,F2008,rule_adx,0.07390172359166472,,,,,0.06920560029055509
global_minus_market,ts_momentum,stocks_intl,F2008,rule_adx,0.07390172359166472,,,,,0.022177597949687614
global_minus_market,ts_momentum,equity_indices,F2018,rule_adx,-0.20833702725511968,,,,,-0.20964360606716131
global_minus_market,ts_momentum,equity_etfs,F2018,rule_adx,-0.20833702725511968,,,,,-0.20845505103344797
global_minus_market,ts_momentum,fixed_income,F2018,rule_adx,-0.20833702725511968,,,,,-0.19884428158469902
global_minus_market,ts_momentum,commodities,F2018,rule_adx,-0.20833702725511968,,,,,-0.19162041220257436
global_minus_market,ts_momentum,fx,F2018,rule_adx,-0.20833702725511968,,,,,-0.19695913219291944
global_minus_market,ts_momentum,crypto,F2018,rule_adx,-0.20833702725511968,,,,,0.07275147691920228
global_minus_market,ts_momentum,stocks_us,F2018,rule_adx,-0.20833702725511968,,,,,-0.22635133388547893
global_minus_market,ts_momentum,stocks_intl,F2018,rule_adx,-0.20833702725511968,,,,,-0.2264662735953294
global_minus_market,ts_momentum,equity_indices,F2008,regime_linearity,0.12324690745635739,,,,,0.13761270141625181
global_minus_market,ts_momentum,equity_etfs,F2008,regime_linearity,0.12324690745635739,,,,,0.25842200215075506
global_minus_market,ts_momentum,fixed_income,F2008,regime_linearity,0.12324690745635739,,,,,0.11917849273371954
global_minus_market,ts_momentum,commodities,F2008,regime_linearity,0.12324690745635739,,,,,0.11298962525154775
global_minus_market,ts_momentum,fx,F2008,regime_linearity,0.12324690745635739,,,,,0.1173255450242688
global_minus_market,ts_momentum,stocks_us,F2008,regime_linearity,0.12324690745635739,,,,,0.025800976404501214
global_minus_market,ts_momentum,stocks_intl,F2008,regime_linearity,0.12324690745635739,,,,,0.07398121591875274
global_minus_market,ts_momentum,equity_indices,F2008,meta_label,0.19235601538478492,,,,,0.14548806126982902
global_minus_market,ts_momentum,equity_etfs,F2008,meta_label,0.19235601538478492,,,,,0.15785001098662071
global_minus_market,ts_momentum,fixed_income,F2008,meta_label,0.19235601538478492,,,,,0.1953959432449493
global_minus_market,ts_momentum,commodities,F2008,meta_label,0.19235601538478492,,,,,0.2687187294418221
global_minus_market,ts_momentum,fx,F2008,meta_label,0.19235601538478492,,,,,0.2206043617115085
global_minus_market,ts_momentum,stocks_us,F2008,meta_label,0.19235601538478492,,,,,0.10521067127011147
global_minus_market,ts_momentum,stocks_intl,F2008,meta_label,0.19235601538478492,,,,,0.2182236499112314
global_minus_market,ts_momentum,equity_indices,F2008,position_sizing,0.0290312098578014,,,,,0.05007027905247735
global_minus_market,ts_momentum,equity_etfs,F2008,position_sizing,0.0290312098578014,,,,,0.024303403777614613
global_minus_market,ts_momentum,fixed_income,F2008,position_sizing,0.0290312098578014,,,,,0.02252400563586522
global_minus_market,ts_momentum,commodities,F2008,position_sizing,0.0290312098578014,,,,,0.03435485030772088
global_minus_market,ts_momentum,fx,F2008,position_sizing,0.0290312098578014,,,,,0.030787652627130596
global_minus_market,ts_momentum,stocks_us,F2008,position_sizing,0.0290312098578014,,,,,0.035738725124972615
global_minus_market,ts_momentum,stocks_intl,F2008,position_sizing,0.0290312098578014,,,,,-0.0016546305507263853
global_minus_market,ts_momentum,equity_indices,F2008,entry,-0.06608793327763816,,,,,-0.12594773179282978
global_minus_market,ts_momentum,equity_etfs,F2008,entry,-0.06608793327763816,,,,,-0.07136884924844171
global_minus_market,ts_momentum,fixed_income,F2008,entry,-0.06608793327763816,,,,,-0.0642494555081802
global_minus_market,ts_momentum,commodities,F2008,entry,-0.06608793327763816,,,,,-0.07082284578597034
global_minus_market,ts_momentum,fx,F2008,entry,-0.06608793327763816,,,,,-0.13750615266538713
global_minus_market,ts_momentum,stocks_us,F2008,entry,-0.06608793327763816,,,,,-0.10426021911648607
global_minus_market,ts_momentum,stocks_intl,F2008,entry,-0.06608793327763816,,,,,0.0842813264021789
global_minus_market,ts_momentum,equity_indices,F2008,exit,-0.11170829739814919,,,,,-0.02503292407558759
global_minus_market,ts_momentum,equity_etfs,F2008,exit,-0.11170829739814919,,,,,-0.04197391409303547
global_minus_market,ts_momentum,fixed_income,F2008,exit,-0.11170829739814919,,,,,-0.10251980939173494
global_minus_market,ts_momentum,commodities,F2008,exit,-0.11170829739814919,,,,,-0.1644550348441489
global_minus_market,ts_momentum,fx,F2008,exit,-0.11170829739814919,,,,,0.07373159918148568
global_minus_market,ts_momentum,stocks_us,F2008,exit,-0.11170829739814919,,,,,-0.06609407258733632
global_minus_market,ts_momentum,stocks_intl,F2008,exit,-0.11170829739814919,,,,,-0.4528152670130693
global_minus_market,ts_momentum,equity_indices,F2008,best_combined,0.20191403641129918,,,,,0.14305845119402938
global_minus_market,ts_momentum,equity_etfs,F2008,best_combined,0.20191403641129918,,,,,0.16449902298568547
global_minus_market,ts_momentum,fixed_income,F2008,best_combined,0.20191403641129918,,,,,0.20523818845572012
global_minus_market,ts_momentum,commodities,F2008,best_combined,0.20191403641129918,,,,,0.27922789453494395
global_minus_market,ts_momentum,fx,F2008,best_combined,0.20191403641129918,,,,,0.22926135156172395
global_minus_market,ts_momentum,stocks_us,F2008,best_combined,0.20191403641129918,,,,,0.1064503815292055
global_minus_market,ts_momentum,stocks_intl,F2008,best_combined,0.20191403641129918,,,,,0.246966891306232
global_minus_market,ts_momentum,equity_indices,F2018,regime_linearity,0.16362082662326596,,,,,0.1744162290465773
global_minus_market,ts_momentum,equity_etfs,F2018,regime_linearity,0.16362082662326596,,,,,0.17437936062935736
global_minus_market,ts_momentum,fixed_income,F2018,regime_linearity,0.16362082662326596,,,,,0.167363305017147
global_minus_market,ts_momentum,commodities,F2018,regime_linearity,0.16362082662326596,,,,,0.16915569241710698
global_minus_market,ts_momentum,fx,F2018,regime_linearity,0.16362082662326596,,,,,0.17355063322494374
global_minus_market,ts_momentum,crypto,F2018,regime_linearity,0.16362082662326596,,,,,0.23859669737483377
global_minus_market,ts_momentum,stocks_us,F2018,regime_linearity,0.16362082662326596,,,,,0.14636537590673382
global_minus_market,ts_momentum,stocks_intl,F2018,regime_linearity,0.16362082662326596,,,,,0.11993651270304667
global_minus_market,ts_momentum,equity_indices,F2018,meta_label,0.10077701458943489,,,,,0.1135003551268016
global_minus_market,ts_momentum,equity_etfs,F2018,meta_label,0.10077701458943489,,,,,0.09388212950237379
global_minus_market,ts_momentum,fixed_income,F2018,meta_label,0.10077701458943489,,,,,0.10736241854932338
global_minus_market,ts_momentum,commodities,F2018,meta_label,0.10077701458943489,,,,,0.11533140450407778
global_minus_market,ts_momentum,fx,F2018,meta_label,0.10077701458943489,,,,,0.11732590013182465
global_minus_market,ts_momentum,crypto,F2018,meta_label,0.10077701458943489,,,,,-0.007544128406985651
global_minus_market,ts_momentum,stocks_us,F2018,meta_label,0.10077701458943489,,,,,0.07385792252550011
global_minus_market,ts_momentum,stocks_intl,F2018,meta_label,0.10077701458943489,,,,,0.07987557056319244
global_minus_market,ts_momentum,equity_indices,F2018,position_sizing,0.039786589199891614,,,,,0.04470909155616565
global_minus_market,ts_momentum,equity_etfs,F2018,position_sizing,0.039786589199891614,,,,,0.03393448278511785
global_minus_market,ts_momentum,fixed_income,F2018,position_sizing,0.039786589199891614,,,,,0.042434669370792794
global_minus_market,ts_momentum,commodities,F2018,position_sizing,0.039786589199891614,,,,,0.04307062029649586
global_minus_market,ts_momentum,fx,F2018,position_sizing,0.039786589199891614,,,,,0.04401357281951632
global_minus_market,ts_momentum,crypto,F2018,position_sizing,0.039786589199891614,,,,,-0.06595258736415971
global_minus_market,ts_momentum,stocks_us,F2018,position_sizing,0.039786589199891614,,,,,0.033390698553834725
global_minus_market,ts_momentum,stocks_intl,F2018,position_sizing,0.039786589199891614,,,,,0.03380588442622487
global_minus_market,ts_momentum,equity_indices,F2018,entry,0.36033030628173135,,,,,0.354871460792615
global_minus_market,ts_momentum,equity_etfs,F2018,entry,0.36033030628173135,,,,,0.38363491814185524
global_minus_market,ts_momentum,fixed_income,F2018,entry,0.36033030628173135,,,,,0.3650693913223553
global_minus_market,ts_momentum,commodities,F2018,entry,0.36033030628173135,,,,,0.3601777376763114
global_minus_market,ts_momentum,fx,F2018,entry,0.36033030628173135,,,,,0.35426372754277674
global_minus_market,ts_momentum,crypto,F2018,entry,0.36033030628173135,,,,,-0.2840837210213957
global_minus_market,ts_momentum,stocks_us,F2018,entry,0.36033030628173135,,,,,0.35503007055437313
global_minus_market,ts_momentum,stocks_intl,F2018,entry,0.36033030628173135,,,,,0.3538315278542157
global_minus_market,ts_momentum,equity_indices,F2018,exit,-0.4509390987786217,,,,,-0.47007533603023843
global_minus_market,ts_momentum,equity_etfs,F2018,exit,-0.4509390987786217,,,,,-0.4593412520133143
global_minus_market,ts_momentum,fixed_income,F2018,exit,-0.4509390987786217,,,,,-0.42474469544525717
global_minus_market,ts_momentum,commodities,F2018,exit,-0.4509390987786217,,,,,-0.4371819278856555
global_minus_market,ts_momentum,fx,F2018,exit,-0.4509390987786217,,,,,-0.4297630829948509
global_minus_market,ts_momentum,crypto,F2018,exit,-0.4509390987786217,,,,,0.17263561750854084
global_minus_market,ts_momentum,stocks_us,F2018,exit,-0.4509390987786217,,,,,-0.49587058975070325
global_minus_market,ts_momentum,stocks_intl,F2018,exit,-0.4509390987786217,,,,,-0.45295649067802646
global_minus_market,ts_momentum,equity_indices,F2018,best_combined,0.08731169174910261,,,,,0.1022419062921475
global_minus_market,ts_momentum,equity_etfs,F2018,best_combined,0.08731169174910261,,,,,0.07899414043847172
global_minus_market,ts_momentum,fixed_income,F2018,best_combined,0.08731169174910261,,,,,0.09138938053588122
global_minus_market,ts_momentum,commodities,F2018,best_combined,0.08731169174910261,,,,,0.10346603292648926
global_minus_market,ts_momentum,fx,F2018,best_combined,0.08731169174910261,,,,,0.10405714951768305
global_minus_market,ts_momentum,crypto,F2018,best_combined,0.08731169174910261,,,,,-0.024701476986990267
global_minus_market,ts_momentum,stocks_us,F2018,best_combined,0.08731169174910261,,,,,0.058787462257517104
global_minus_market,ts_momentum,stocks_intl,F2018,best_combined,0.08731169174910261,,,,,0.06884133371932122
global_minus_market,rsi2_reversion,equity_indices,F2008,rule_adx,0.11260496687170551,,,,,0.114050574958307
global_minus_market,rsi2_reversion,equity_etfs,F2008,rule_adx,0.11260496687170551,,,,,0.11540747880821511
global_minus_market,rsi2_reversion,fixed_income,F2008,rule_adx,0.11260496687170551,,,,,0.10850140425323712
global_minus_market,rsi2_reversion,commodities,F2008,rule_adx,0.11260496687170551,,,,,0.12438766276681804
global_minus_market,rsi2_reversion,fx,F2008,rule_adx,0.11260496687170551,,,,,0.1367301469353972
global_minus_market,rsi2_reversion,crypto,F2008,rule_adx,0.11260496687170551,,,,,0.07869775738588086
global_minus_market,rsi2_reversion,stocks_us,F2008,rule_adx,0.11260496687170551,,,,,0.12229090885742688
global_minus_market,rsi2_reversion,stocks_intl,F2008,rule_adx,0.11260496687170551,,,,,0.065765929168977
global_minus_market,rsi2_reversion,equity_indices,F2018,rule_adx,0.18418442662130663,,,,,0.19008945500665678
global_minus_market,rsi2_reversion,equity_etfs,F2018,rule_adx,0.18418442662130663,,,,,0.17637257504889772
global_minus_market,rsi2_reversion,fixed_income,F2018,rule_adx,0.18418442662130663,,,,,0.18995431648265812
global_minus_market,rsi2_reversion,commodities,F2018,rule_adx,0.18418442662130663,,,,,0.1665851739652838
global_minus_market,rsi2_reversion,fx,F2018,rule_adx,0.18418442662130663,,,,,0.19103634195146107
global_minus_market,rsi2_reversion,crypto,F2018,rule_adx,0.18418442662130663,,,,,0.19496763300283115
global_minus_market,rsi2_reversion,stocks_us,F2018,rule_adx,0.18418442662130663,,,,,0.17743828954147167
global_minus_market,rsi2_reversion,stocks_intl,F2018,rule_adx,0.18418442662130663,,,,,0.2237639302249523
global_minus_market,rsi2_reversion,equity_indices,F2008,regime_linearity,-0.38395801867914275,,,,,-0.3439551777239639
global_minus_market,rsi2_reversion,equity_etfs,F2008,regime_linearity,-0.38395801867914275,,,,,-0.4265167122710951
global_minus_market,rsi2_reversion,fixed_income,F2008,regime_linearity,-0.38395801867914275,,,,,-0.36598433671280856
global_minus_market,rsi2_reversion,commodities,F2008,regime_linearity,-0.38395801867914275,,,,,-0.2550916226400016
global_minus_market,rsi2_reversion,fx,F2008,regime_linearity,-0.38395801867914275,,,,,-0.3638628034663639
global_minus_market,rsi2_reversion,stocks_us,F2008,regime_linearity,-0.38395801867914275,,,,,-0.3502804929341867
global_minus_market,rsi2_reversion,stocks_intl,F2008,regime_linearity,-0.38395801867914275,,,,,-0.5030337256958142
global_minus_market,rsi2_reversion,equity_indices,F2008,meta_label,0.06541881486922502,,,,,0.10095173942199309
global_minus_market,rsi2_reversion,equity_etfs,F2008,meta_label,0.06541881486922502,,,,,-0.05069301072006693
global_minus_market,rsi2_reversion,fixed_income,F2008,meta_label,0.06541881486922502,,,,,0.07359157760400326
global_minus_market,rsi2_reversion,commodities,F2008,meta_label,0.06541881486922502,,,,,0.09415600669487637
global_minus_market,rsi2_reversion,fx,F2008,meta_label,0.06541881486922502,,,,,0.10038843097312472
global_minus_market,rsi2_reversion,stocks_us,F2008,meta_label,0.06541881486922502,,,,,0.0420985552969429
global_minus_market,rsi2_reversion,stocks_intl,F2008,meta_label,0.06541881486922502,,,,,0.07134973707561926
global_minus_market,rsi2_reversion,equity_indices,F2008,position_sizing,-0.0905147835440368,,,,,-0.10128640510103215
global_minus_market,rsi2_reversion,equity_etfs,F2008,position_sizing,-0.0905147835440368,,,,,-0.14506915533809395
global_minus_market,rsi2_reversion,fixed_income,F2008,position_sizing,-0.0905147835440368,,,,,-0.08195217867829868
global_minus_market,rsi2_reversion,commodities,F2008,position_sizing,-0.0905147835440368,,,,,-0.005162683325262207
global_minus_market,rsi2_reversion,fx,F2008,position_sizing,-0.0905147835440368,,,,,-0.06352092620281963
global_minus_market,rsi2_reversion,stocks_us,F2008,position_sizing,-0.0905147835440368,,,,,-0.1268853554998356
global_minus_market,rsi2_reversion,stocks_intl,F2008,position_sizing,-0.0905147835440368,,,,,-0.10699930368550398
global_minus_market,rsi2_reversion,equity_indices,F2008,entry,-2.388059521460967,,,,,-2.3943542354171625
global_minus_market,rsi2_reversion,equity_etfs,F2008,entry,-2.388059521460967,,,,,-2.6449697107342436
global_minus_market,rsi2_reversion,fixed_income,F2008,entry,-2.388059521460967,,,,,-2.3282686290066987
global_minus_market,rsi2_reversion,commodities,F2008,entry,-2.388059521460967,,,,,-2.1436495588995617
global_minus_market,rsi2_reversion,fx,F2008,entry,-2.388059521460967,,,,,-2.192974374229171
global_minus_market,rsi2_reversion,stocks_us,F2008,entry,-2.388059521460967,,,,,-2.259339330105744
global_minus_market,rsi2_reversion,stocks_intl,F2008,entry,-2.388059521460967,,,,,-1.8582634922569192
global_minus_market,rsi2_reversion,equity_indices,F2008,exit,0.7834513869301889,,,,,0.7832267363346643
global_minus_market,rsi2_reversion,equity_etfs,F2008,exit,0.7834513869301889,,,,,0.753806193856413
global_minus_market,rsi2_reversion,fixed_income,F2008,exit,0.7834513869301889,,,,,0.7909265271397441
global_minus_market,rsi2_reversion,commodities,F2008,exit,0.7834513869301889,,,,,0.808857036525281
global_minus_market,rsi2_reversion,fx,F2008,exit,0.7834513869301889,,,,,0.758290661491355
global_minus_market,rsi2_reversion,stocks_us,F2008,exit,0.7834513869301889,,,,,0.7985887678787313
global_minus_market,rsi2_reversion,stocks_intl,F2008,exit,0.7834513869301889,,,,,0.6918034419457799
global_minus_market,rsi2_reversion,equity_indices,F2008,best_combined,0.0820957561732304,,,,,0.1183256984908605
global_minus_market,rsi2_reversion,equity_etfs,F2008,best_combined,0.0820957561732304,,,,,-0.04733957123579263
global_minus_market,rsi2_reversion,fixed_income,F2008,best_combined,0.0820957561732304,,,,,0.089851096503901
global_minus_market,rsi2_reversion,commodities,F2008,best_combined,0.0820957561732304,,,,,0.11815865027972511
global_minus_market,rsi2_reversion,fx,F2008,best_combined,0.0820957561732304,,,,,0.11952013272742429
global_minus_market,rsi2_reversion,stocks_us,F2008,best_combined,0.0820957561732304,,,,,0.06138883455962074
global_minus_market,rsi2_reversion,stocks_intl,F2008,best_combined,0.0820957561732304,,,,,0.08530917745090605
global_minus_market,rsi2_reversion,equity_indices,F2018,regime_linearity,0.015217863586698022,,,,,0.029814000993664047
global_minus_market,rsi2_reversion,equity_etfs,F2018,regime_linearity,0.015217863586698022,,,,,0.031215062612752476
global_minus_market,rsi2_reversion,fixed_income,F2018,regime_linearity,0.015217863586698022,,,,,0.013291372055092232
global_minus_market,rsi2_reversion,commodities,F2018,regime_linearity,0.015217863586698022,,,,,-0.005620335931830478
global_minus_market,rsi2_reversion,fx,F2018,regime_linearity,0.015217863586698022,,,,,0.017937033249397993
global_minus_market,rsi2_reversion,crypto,F2018,regime_linearity,0.015217863586698022,,,,,-0.13466651747764002
global_minus_market,rsi2_reversion,stocks_us,F2018,regime_linearity,0.015217863586698022,,,,,0.0011785858169373054
global_minus_market,rsi2_reversion,stocks_intl,F2018,regime_linearity,0.015217863586698022,,,,,0.020358942846413153
global_minus_market,rsi2_reversion,equity_indices,F2018,meta_label,-0.48897200516719164,,,,,-0.36956135965963793
global_minus_market,rsi2_reversion,equity_etfs,F2018,meta_label,-0.48897200516719164,,,,,-0.5136706613517392
global_minus_market,rsi2_reversion,fixed_income,F2018,meta_label,-0.48897200516719164,,,,,-0.47538357194937586
global_minus_market,rsi2_reversion,commodities,F2018,meta_label,-0.48897200516719164,,,,,-0.4076679475802204
global_minus_market,rsi2_reversion,fx,F2018,meta_label,-0.48897200516719164,,,,,-0.3806230013662198
global_minus_market,rsi2_reversion,stocks_us,F2018,meta_label,-0.48897200516719164,,,,,-0.5684603206506182
global_minus_market,rsi2_reversion,stocks_intl,F2018,meta_label,-0.48897200516719164,,,,,-0.5497131743960166
global_minus_market,rsi2_reversion,equity_indices,F2018,position_sizing,-0.00634098686531287,,,,,0.0005962889531256343
global_minus_market,rsi2_reversion,equity_etfs,F2018,position_sizing,-0.00634098686531287,,,,,-0.004749503758406215
global_minus_market,rsi2_reversion,fixed_income,F2018,position_sizing,-0.00634098686531287,,,,,-0.006941640261683868
global_minus_market,rsi2_reversion,commodities,F2018,position_sizing,-0.00634098686531287,,,,,-0.01492228691116676
global_minus_market,rsi2_reversion,fx,F2018,position_sizing,-0.00634098686531287,,,,,-6.913216948351009e-05
global_minus_market,rsi2_reversion,crypto,F2018,position_sizing,-0.00634098686531287,,,,,0.15651044879424214
global_minus_market,rsi2_reversion,stocks_us,F2018,position_sizing,-0.00634098686531287,,,,,-0.005652654534336943
global_minus_market,rsi2_reversion,stocks_intl,F2018,position_sizing,-0.00634098686531287,,,,,-0.00733835370723479
global_minus_market,rsi2_reversion,equity_indices,F2018,entry,-0.5866975368619263,,,,,-0.5887588217683879
global_minus_market,rsi2_reversion,equity_etfs,F2018,entry,-0.5866975368619263,,,,,-0.560959609049166
global_minus_market,rsi2_reversion,fixed_income,F2018,entry,-0.5866975368619263,,,,,-0.6017649318256872
global_minus_market,rsi2_reversion,commodities,F2018,entry,-0.5866975368619263,,,,,-0.6122238487342772
global_minus_market,rsi2_reversion,fx,F2018,entry,-0.5866975368619263,,,,,-0.6454578340980384
global_minus_market,rsi2_reversion,crypto,F2018,entry,-0.5866975368619263,,,,,-2.2836806628822863
global_minus_market,rsi2_reversion,stocks_us,F2018,entry,-0.5866975368619263,,,,,-0.5495063535579363
global_minus_market,rsi2_reversion,stocks_intl,F2018,entry,-0.5866975368619263,,,,,-0.5252274015273635
global_minus_market,rsi2_reversion,equity_indices,F2018,exit,0.4123509682954135,,,,,0.41000920385068906
global_minus_market,rsi2_reversion,equity_etfs,F2018,exit,0.4123509682954135,,,,,0.40092790521879823
global_minus_market,rsi2_reversion,fixed_income,F2018,exit,0.4123509682954135,,,,,0.4295079923729969
global_minus_market,rsi2_reversion,commodities,F2018,exit,0.4123509682954135,,,,,0.3824217749162144
global_minus_market,rsi2_reversion,fx,F2018,exit,0.4123509682954135,,,,,0.43168449966523254
global_minus_market,rsi2_reversion,crypto,F2018,exit,0.4123509682954135,,,,,1.1938943575465835
global_minus_market,rsi2_reversion,stocks_us,F2018,exit,0.4123509682954135,,,,,0.4109103409944147
global_minus_market,rsi2_reversion,stocks_intl,F2018,exit,0.4123509682954135,,,,,0.4352626584243289
global_minus_market,rsi2_reversion,equity_indices,F2018,best_combined,-0.46696009700573116,,,,,-0.349307358993939
global_minus_market,rsi2_reversion,equity_etfs,F2018,best_combined,-0.46696009700573116,,,,,-0.48836286941828694
global_minus_market,rsi2_reversion,fixed_income,F2018,best_combined,-0.46696009700573116,,,,,-0.45488574137456883
global_minus_market,rsi2_reversion,commodities,F2018,best_combined,-0.46696009700573116,,,,,-0.38514107466720215
global_minus_market,rsi2_reversion,fx,F2018,best_combined,-0.46696009700573116,,,,,-0.3641481952396138
global_minus_market,rsi2_reversion,stocks_us,F2018,best_combined,-0.46696009700573116,,,,,-0.5419257688512915
global_minus_market,rsi2_reversion,stocks_intl,F2018,best_combined,-0.46696009700573116,,,,,-0.5281241519210131
